factor,n_dates_all,IC_mean_all,IC_std_all,ICIR_all,t_stat_all,pct_pos_all,n_dates_normal,IC_mean_normal,IC_std_normal,ICIR_normal,t_stat_normal,pct_pos_normal,n_dates_abnormal,IC_mean_abnormal,IC_std_abnormal,ICIR_abnormal,t_stat_abnormal,pct_pos_abnormal
EP_TTM,1930,0.0198,0.1109,2.831,7.8346,0.5756,1533,0.0227,0.1044,3.4448,8.4963,0.5858,397,0.0087,0.1326,1.038,1.3028,0.5365
BP,1930,0.026,0.1298,3.1784,8.796,0.5756,1533,0.0289,0.1285,3.5653,8.7935,0.5819,397,0.0149,0.1343,1.7616,2.2111,0.5516
EBIT2MV,1930,0.0167,0.1172,2.2597,6.2535,0.5487,1533,0.0203,0.1122,2.8663,7.0695,0.5597,397,0.0028,0.1338,0.3369,0.4229,0.5063
SP1_TTM,1930,0.0179,0.1055,2.6981,7.4668,0.557,1533,0.0201,0.103,3.1005,7.6473,0.5629,397,0.0095,0.1145,1.317,1.6531,0.534
REP_TTM,1930,0.0194,0.0599,5.1369,14.2162,0.6295,1533,0.0172,0.0579,4.7029,11.5995,0.623,397,0.028,0.0665,6.6883,8.3949,0.6549
RBP,1930,0.0317,0.124,4.057,11.2274,0.601,1533,0.0298,0.12,3.9473,9.7358,0.5956,397,0.0389,0.1383,4.4582,5.5957,0.6222
RT_2M,1930,-0.0339,0.1621,-3.3191,-9.1855,0.414,1533,-0.0285,0.1541,-2.9331,-7.2342,0.4234,397,-0.0548,0.1885,-4.6148,-5.7923,0.3778
RT_3M,1930,-0.0283,0.1603,-2.8025,-7.7558,0.415,1533,-0.0228,0.1516,-2.3843,-5.8808,0.4181,397,-0.0496,0.1889,-4.1729,-5.2376,0.403
RT_6M,1930,-0.0215,0.1493,-2.2911,-6.3404,0.4425,1533,-0.0168,0.1449,-1.8427,-4.5449,0.454,397,-0.0398,0.1639,-3.8517,-4.8345,0.398
TO_1M,1930,-0.045,0.1842,-3.8759,-10.7264,0.3969,1533,-0.0516,0.1748,-4.6871,-11.5606,0.3823,397,-0.0194,0.2152,-1.4296,-1.7944,0.4534
PRank_1M,1930,-0.0249,0.1442,-2.7415,-7.5869,0.4275,1533,-0.0227,0.1358,-2.654,-6.546,0.4279,397,-0.0334,0.1728,-3.068,-3.8508,0.4257
ACD5,1930,-0.0456,0.1465,-4.9385,-13.6669,0.3606,1533,-0.0443,0.132,-5.331,-13.1486,0.3568,397,-0.0504,0.1927,-4.1518,-5.2111,0.3753
AmountIR5,1930,0.0398,0.067,9.4199,26.0689,0.7451,1533,0.0396,0.0632,9.9448,24.5283,0.7521,397,0.0405,0.0802,8.0103,10.0541,0.7179
CCI5,1930,-0.0287,0.136,-3.3544,-9.283,0.3964,1533,-0.031,0.1265,-3.8862,-9.5851,0.3855,397,-0.0202,0.1679,-1.9106,-2.3981,0.4383
StyleBias20,1930,-0.0315,0.1236,-4.0473,-11.2007,0.3891,1533,-0.0292,0.1179,-3.9362,-9.7085,0.3947,397,-0.0402,0.143,-4.4638,-5.6028,0.3678
ILLIQ,1930,0.036,0.1115,5.1261,14.1861,0.6492,1533,0.0333,0.1091,4.8475,11.9561,0.6425,397,0.0464,0.1199,6.1419,7.709,0.6751
BCVP,1930,-0.0192,0.0799,-3.8154,-10.5588,0.3938,1533,-0.0203,0.0766,-4.1967,-10.3509,0.3823,397,-0.0151,0.0915,-2.6278,-3.2982,0.4383
M4,1930,-0.0459,0.0975,-7.4761,-20.6897,0.2953,1533,-0.043,0.091,-7.5066,-18.5147,0.2981,397,-0.0571,0.1189,-7.626,-9.5718,0.2846
ROE,1930,0.0107,0.1164,1.4539,4.0236,0.5435,1533,0.0115,0.111,1.6493,4.0679,0.5473,397,0.0073,0.1354,0.8561,1.0745,0.529
ROATTM,1930,0.0059,0.1096,0.8563,2.3696,0.529,1533,0.0049,0.1068,0.7344,1.8114,0.5238,397,0.0097,0.1199,1.2794,1.6058,0.5491
GrossIncomeRatioTTM,1930,0.0016,0.0827,0.3066,0.8485,0.5161,1533,0.0004,0.0826,0.0683,0.1684,0.5173,397,0.0064,0.0829,1.2231,1.5351,0.5113
E_Growth2,1930,0.0119,0.0396,4.7645,13.1854,0.6161,1533,0.0117,0.039,4.7683,11.7608,0.6171,397,0.0126,0.0421,4.7566,5.9702,0.6121
OR_Growth2,1930,0.0096,0.0389,3.9268,10.8672,0.6057,1533,0.009,0.0393,3.6315,8.957,0.5995,397,0.0121,0.0376,5.1263,6.4343,0.6297
SHNum,1930,-0.0021,0.1128,-0.2926,-0.8097,0.4736,1533,0.0013,0.1099,0.1931,0.4763,0.4886,397,-0.0153,0.1227,-1.9748,-2.4787,0.4156
FundsHoldPropT,1930,0.0037,0.0923,0.6423,1.7775,0.501,1533,0.0056,0.092,0.972,2.3974,0.5049,397,-0.0036,0.093,-0.6151,-0.772,0.4861
DivR1,1930,0.0157,0.0882,2.8209,7.8066,0.5679,1533,0.0172,0.0836,3.2637,8.0497,0.5708,397,0.0099,0.1042,1.5038,1.8874,0.5567
VOL_orth_ZS,1930,-0.0404,0.1323,-4.8515,-13.4262,0.3497,1533,-0.0461,0.121,-6.0429,-14.9044,0.3288,397,-0.0187,0.1674,-1.7731,-2.2255,0.4307
Beta_orth_ZS,1930,0.004,0.1627,0.3908,1.0816,0.4979,1533,0.0006,0.1576,0.0646,0.1593,0.4932,397,0.017,0.1808,1.4927,1.8736,0.5164
Expect_EP,1901,0.0183,0.1062,2.7401,7.5259,0.5565,1522,0.021,0.1022,3.2561,8.0022,0.5708,379,0.0078,0.1206,1.023,1.2546,0.5013
Expect_E_Growth,1901,0.0017,0.0848,0.3113,0.8551,0.5073,1522,0.0016,0.0833,0.2976,0.7313,0.5088,379,0.0021,0.0908,0.3625,0.4445,0.5013
Rating,1901,0.0021,0.1138,0.2911,0.7994,0.5,1522,0.0031,0.1085,0.4567,1.1224,0.5029,379,-0.0021,0.133,-0.2471,-0.303,0.4887
