Date,sigma,expand_threshold,regime
2018-01-12,0.009871504554326418,0.011514815641882314,0
2018-01-15,0.009804384807309795,0.011512541018620346,0
2018-01-16,0.011860877850235619,0.011529075768548116,1
2018-01-17,0.01150779346319818,0.0115230830168462,0
2018-01-18,0.011033823959822341,0.011517090265144282,0
2018-01-19,0.010648411421162953,0.011515230904755062,0
2018-01-22,0.010334738933143382,0.011513371544365842,0
2018-01-23,0.010179459803702646,0.01151151218397662,0
2018-01-24,0.009973033328204203,0.0115096528235874,0
2018-01-25,0.010007321620328977,0.01150779346319818,0
2018-01-26,0.009833014108971786,0.011507378200325432,0
2018-01-29,0.00972932584805477,0.011506962937452684,0
2018-01-30,0.010221700934133191,0.011506547674579936,0
2018-01-31,0.01000227427317037,0.011506132411707188,0
2018-02-01,0.01198119234559241,0.01150779346319818,1
2018-02-02,0.014649515472474655,0.011515230904755062,1
2018-02-05,0.013850041093116414,0.011535068520250033,1
2018-02-06,0.013146654769410593,0.011556038840343936,1
2018-02-07,0.016548061329736394,0.011571139687311756,1
2018-02-08,0.015469831694945577,0.011577634175042604,1
2018-02-09,0.014691258620437148,0.01163022585518273,1
2018-02-12,0.015204752786228903,0.01164366795889119,1
2018-02-13,0.015097459641901362,0.011645019571169132,1
2018-02-14,0.014142540612340741,0.011648434813700266,1
2018-02-22,0.013301476208306096,0.011655162844850877,1
2018-02-23,0.013179968545657698,0.011666367717674004,1
2018-02-26,0.01249554821965274,0.011710758733918782,1
2018-02-27,0.013110808355885777,0.011738841305280941,1
2018-02-28,0.012410067180814322,0.011745819702336527,1
2018-03-01,0.011789719812877993,0.011771597054541878,1
2018-03-02,0.011847143454219904,0.011773088604472745,1
2018-03-05,0.01138492378557011,0.011772715716990028,0
2018-03-06,0.01108809128788852,0.011772342829507312,0
2018-03-07,0.011111890392469868,0.011771969942024594,0
2018-03-08,0.01079820060236406,0.011771597054541878,0
2018-03-09,0.01080874933413871,0.01176515271649054,0
2018-03-12,0.011338252196089103,0.011758708378439203,0
2018-03-13,0.011552977566340055,0.011752264040387865,0
2018-03-14,0.011157637676297153,0.011745819702336527,0
2018-03-15,0.011081565700737676,0.011739375364285189,0
2018-03-16,0.010934908131577525,0.011739197344617106,0
2018-03-19,0.010556809101466239,0.011739019324949024,0
2018-03-20,0.01033861328699127,0.011738841305280941,0
2018-03-21,0.01014138687979877,0.01173866328561286,0
2018-03-22,0.01004193493397646,0.011738485265944777,0
2018-03-23,0.009864535717142082,0.011724621999931779,0
2018-03-26,0.01572671098118359,0.011739019324949024,1
2018-03-27,0.014981741877461176,0.011752264040387865,1
2018-03-28,0.015008120797778421,0.011771969942024594,1
2018-03-29,0.014099599751394593,0.011773461491955461,1
2018-03-30,0.013440636502113126,0.01177694015324363,1
2018-04-02,0.013134104042132033,0.011780088725271488,1
2018-04-03,0.012460704853328309,0.011784852722996416,1
2018-04-04,0.011991596120906573,0.0117940276683343,1
2018-04-09,0.011487146924286156,0.011789719812877993,0
2018-04-10,0.011057680958655908,0.011788097449584135,0
2018-04-11,0.010665577575502223,0.011786475086290276,0
2018-04-12,0.010554312616920832,0.011784852722996416,0
2018-04-13,0.01036762943651365,0.011783230359702558,0
2018-04-16,0.010140565994163755,0.0117816079964087,0
2018-04-17,0.010143014601196378,0.011780848360840094,0
2018-04-18,0.011690267831408864,0.011780088725271488,0
2018-04-19,0.011510730036598272,0.011779329089702882,0
2018-04-20,0.011049889059898035,0.011778569454134276,0
2018-04-23,0.01234381432689894,0.0117816079964087,1
2018-04-24,0.01186362195373416,0.011788097449584135,1
2018-04-25,0.012651734815691073,0.011802643379246913,1
2018-04-26,0.012036457281162379,0.011825612835783678,1
2018-04-27,0.012562574941591811,0.011849311299615833,1
2018-05-02,0.011919781492542645,0.011857982681199548,1
2018-05-03,0.011477119594807223,0.011855814835803618,0
2018-05-04,0.011367542184094186,0.01185364699040769,0
2018-05-07,0.010942179448791254,0.011851479145011761,0
2018-05-08,0.011589460773524804,0.011849311299615833,0
2018-05-09,0.011262018085308436,0.011847143454219904,0
2018-05-10,0.010825215130547496,0.011839966581407829,0
2018-05-11,0.010565340668085153,0.011832789708595753,0
2018-05-14,0.010820877479156782,0.01182561283578368,0
2018-05-15,0.010642077350616293,0.011818435962971602,0
2018-05-16,0.010742630598661889,0.011811259090159527,0
2018-05-17,0.0105223210933989,0.01180695123470322,0
2018-05-18,0.01026522475725638,0.011802643379246913,0
2018-05-21,0.010091774574762666,0.011798335523790606,0
2018-05-22,0.010575359263345739,0.0117940276683343,0
2018-05-23,0.010362343867119792,0.011789719812877993,0
2018-05-24,0.01066075485864393,0.011788097449584135,0
2018-05-25,0.010369670854272026,0.011786475086290276,0
2018-05-28,0.010464947540860876,0.011784852722996418,0
2018-05-29,0.010703930782567078,0.011783230359702558,0
2018-05-30,0.01078231083633375,0.0117816079964087,0
2018-05-31,0.014131000691550176,0.011788097449584135,1
2018-06-01,0.013723624833761636,0.011802643379246913,1
2018-06-04,0.013179089734672734,0.01182561283578368,1
2018-06-05,0.012476271485193464,0.011849311299615833,1
2018-06-06,0.012388255292538447,0.011857982681199548,1
2018-06-07,0.011776118742314011,0.011855814835803618,0
2018-06-08,0.011559395242326097,0.01185364699040769,0
2018-06-11,0.011556910769267825,0.011851479145011761,0
2018-06-12,0.011279338412707323,0.011849311299615833,0
2018-06-13,0.010937946664774672,0.011847143454219904,0
2018-06-14,0.011711983019126848,0.011839966581407829,0
2018-06-15,0.011283450660990362,0.011832789708595753,0
2018-06-19,0.012567953904616872,0.011851479145011761,1
2018-06-20,0.01823654039483337,0.011858561715006762,1
2018-06-21,0.017048907100768923,0.011860877850235619,1
2018-06-22,0.016688149091658267,0.011863073133034452,1
2018-06-25,0.01576797409504141,0.0118895547949354,1
2018-06-26,0.01475464273032817,0.011909338699534162,1
2018-06-27,0.014006010914875959,0.011914421670693382,1
2018-06-28,0.01324041137205698,0.011919781492542645,1
2018-06-29,0.012798056412256459,0.011923434216136378,1
2018-07-02,0.013703918652996906,0.011958454366169373,1
2018-07-03,0.013278790801062606,0.011985022569725222,1
2018-07-04,0.012986440655653375,0.011990933548920866,1
2018-07-05,0.013123500586464512,0.011991596120906573,1
2018-07-06,0.013894836291927013,0.01200266217257302,1
2018-07-09,0.013100833591990269,0.012011769945654975,1
2018-07-10,0.013304319214008932,0.012024181383924075,1
2018-07-11,0.012708795633554544,0.012037449255327197,1
2018-07-12,0.01336711476557904,0.012041417151986472,1
2018-07-13,0.013883353443736559,0.012060868512785152,1
2018-07-16,0.013071869280028545,0.012101574905925287,1
2018-07-17,0.012360826364518684,0.01213593443621242,1
2018-07-18,0.01176036811987677,0.012130702522049007,0
2018-07-19,0.011313954297967286,0.012125470607885595,0
2018-07-20,0.011336723407064916,0.012113522756905441,0
2018-07-23,0.011304946675895655,0.012101574905925287,0
2018-07-24,0.011032520048301398,0.012089627054945134,0
2018-07-25,0.011606276583891755,0.012077679203964976,0
2018-07-26,0.011117284809301312,0.012065731352984822,0
2018-07-27,0.010713587932921714,0.012060868512785152,0
2018-07-30,0.01051663436970498,0.012056005672585482,0
2018-07-31,0.011079156337651282,0.012051142832385812,0
2018-08-01,0.0106798380069918,0.012046279992186144,0
2018-08-02,0.011277025222761122,0.012041417151986472,0
2018-08-03,0.012798731843356977,0.012060868512785152,1
2018-08-06,0.012450323754004566,0.012101574905925287,1
2018-08-07,0.012792974048917365,0.01213593443621242,1
2018-08-08,0.013547519928555971,0.01215164923263526,1
2018-08-09,0.013269257191230198,0.012151725448365685,1
2018-08-10,0.013482004267863789,0.012196167877452797,1
2018-08-13,0.012792698160222778,0.012213071787974492,1
2018-08-14,0.012134961624725984,0.012211140686891185,0
2018-08-15,0.011555671492516151,0.01220920958580788,0
2018-08-16,0.012140307974869789,0.012207278484724573,0
2018-08-17,0.011857758554671544,0.012196167877452797,0
2018-08-20,0.012252029051763362,0.012213071787974492,1
2018-08-21,0.011728236960382346,0.012211140686891185,0
2018-08-22,0.011555776245114571,0.01220920958580788,0
2018-08-23,0.011509398709395356,0.012207278484724573,0
2018-08-24,0.011152141930429491,0.012196167877452797,0
2018-08-27,0.010765880446764835,0.012185057270181019,0
2018-08-28,0.011696197429309987,0.012173946662909243,0
2018-08-29,0.011190206978235164,0.012162836055637465,0
2018-08-30,0.010869028224501934,0.012151725448365685,0
2018-08-31,0.011360334791324773,0.012151706394433078,0
2018-09-03,0.011320488182547961,0.012151687340500473,0
2018-09-04,0.010880302260100037,0.012151668286567866,0
2018-09-05,0.01103225107064722,0.01215164923263526,0
2018-09-06,0.011220424505333695,0.012151630178702653,0
2018-09-07,0.010828586801919775,0.01214936573793608,0
2018-09-10,0.0104927510626057,0.012147101297169508,0
2018-09-11,0.011482931532627982,0.012144836856402936,0
2018-09-12,0.011026128854571073,0.012142572415636361,0
2018-09-13,0.010632605198137841,0.012140307974869789,0
2018-09-14,0.010587992138646968,0.012139238704841028,0
2018-09-17,0.010688255068002623,0.012138169434812267,0
2018-09-18,0.011348706298475796,0.012137100164783506,0
2018-09-19,0.011815375704265023,0.012136030894754745,0
2018-09-20,0.011613773188760718,0.012134961624725984,0
2018-09-21,0.0111346560050391,0.012133063421357906,0
2018-09-25,0.011226997643932151,0.012131165217989829,0
2018-09-26,0.0108447601282646,0.01212926701462175,0
2018-09-27,0.010532743679290532,0.012127368811253673,0
2018-09-28,0.01139710072342063,0.012125470607885595,0
2018-10-08,0.011214450807656793,0.012113522756905441,0
2018-10-09,0.01353931409028713,0.012131165217989829,1
2018-10-10,0.012789605494498923,0.012137100164783506,1
2018-10-11,0.012144583332190246,0.012141163046333881,1
2018-10-12,0.01855795129396747,0.012144583332190246,1
2018-10-15,0.017338825956477025,0.012150220809400172,1
2018-10-16,0.016322174759171155,0.012151687340500473,1
2018-10-17,0.015695206806357765,0.012173946662909243,1
2018-10-18,0.014792161600075834,0.01220920958580788,1
2018-10-19,0.015306195250638994,0.012216933990141104,1
2018-10-22,0.014938931084997003,0.012245010039438911,1
2018-10-23,0.016929473811141557,0.01228407859619623,1
2018-10-24,0.015968814930006875,0.012320792706250461,1
2018-10-25,0.014925144801061862,0.012344433040480341,1
2018-10-26,0.01405318885173328,0.012346907894805949,1
2018-10-29,0.013263131588917574,0.012358042670576138,1
2018-10-30,0.012939320799137278,0.012376525145220463,1
2018-10-31,0.012601795066910454,0.012387496716428368,1
2018-11-01,0.012523693646426533,0.012392617670193623,1
2018-11-02,0.01195999194878462,0.012388255292538447,0
2018-11-05,0.01321193655289479,0.012405704803159147,1
2018-11-06,0.01263736541243321,0.01242438005413692,1
2018-11-07,0.0120009978216847,0.01241960909636272,0
2018-11-08,0.011459380152110999,0.012414838138588522,0
2018-11-09,0.010991622809430729,0.012410067180814322,0
2018-11-12,0.01061381924662477,0.012405704803159147,0
2018-11-13,0.012787298556602511,0.01242438005413692,1
2018-11-14,0.013025222325793076,0.012440482683413016,1
2018-11-15,0.012318622590930679,0.012437202326549166,0
2018-11-16,0.012614230072329964,0.012450323754004566,1
2018-11-19,0.012230672901533922,0.012447043397140716,0
2018-11-20,0.011698449030050073,0.012443763040276867,0
2018-11-21,0.013003457515981996,0.012454476193734064,1
2018-11-22,0.012473410910690591,0.012463246064800766,1
2018-11-23,0.011848733205330924,0.012460704853328309,0
2018-11-26,0.01511899630309726,0.012470869699218136,1
2018-11-27,0.014176225333890877,0.012473622828852718,1
2018-11-28,0.01343940767986279,0.012474767058653868,1
2018-11-29,0.012974255915535112,0.01248012683208532,1
2018-11-30,0.013590206781675917,0.01249554821965274,1
2018-12-03,0.012907235230529904,0.012518064561071775,1
2018-12-04,0.01420753524857834,0.0125470224235257,1
2018-12-05,0.013493060870410918,0.012564726526801837,1
2018-12-06,0.012857035155858452,0.012574231082208127,1
2018-12-07,0.012885666500654638,0.012599339792573138,1
2018-12-10,0.012201318881109598,0.012593062614981885,0
2018-12-11,0.01205609980424257,0.012586785437390632,0
2018-12-12,0.011731746985921436,0.01258050825979938,0
2018-12-13,0.01121541872760285,0.012574231082208127,0
2018-12-14,0.011044164246594435,0.012567953904616872,0
2018-12-17,0.012542033825212745,0.01256687811201186,0
2018-12-18,0.011903956915195938,0.012565802319406847,0
2018-12-19,0.011489545903540352,0.012564726526801837,0
2018-12-20,0.011473358659490047,0.012563650734196824,0
2018-12-21,0.011083109054944475,0.012562574941591811,0
2018-12-24,0.01085725917665703,0.012558466718315998,0
2018-12-25,0.010786262458857497,0.012554358495040186,0
2018-12-26,0.010921527039829584,0.012550250271764372,0
2018-12-27,0.010554250450442726,0.012546142048488558,0
2018-12-28,0.011206739662980653,0.012542033825212745,0
2019-01-02,0.010779127168136487,0.012538365789455502,0
2019-01-03,0.010454837180192817,0.012534697753698261,0
2019-01-04,0.010311027068751208,0.012531029717941018,0
2019-01-07,0.012136236181392156,0.012527361682183775,0
2019-01-08,0.01257790327405809,0.012542033825212745,1
2019-01-09,0.011935441441662212,0.012538365789455502,0
2019-01-10,0.011416023706608254,0.012534697753698261,0
2019-01-11,0.010959600333922674,0.012531029717941018,0
2019-01-14,0.01086426878589306,0.012527361682183775,0
2019-01-15,0.010642728059573114,0.012523693646426533,0
2019-01-16,0.010794315001178919,0.012518064561071775,0
2019-01-17,0.010457955066252198,0.012512435475717017,0
2019-01-18,0.01056984884086596,0.012506806390362259,0
2019-01-21,0.010402691881475676,0.0125011773050075,0
2019-01-22,0.010273758224148794,0.01249554821965274,0
2019-01-23,0.010404701161612859,0.012491692872760887,0
2019-01-24,0.010143337424150595,0.01248783752586903,0
2019-01-25,0.010006940701770481,0.012483982178977176,0
2019-01-28,0.010141671576335656,0.01248012683208532,0
2019-01-29,0.010219217053436046,0.012476271485193464,0
2019-01-30,0.011478849865319978,0.012475770009680266,0
2019-01-31,0.011708734832469118,0.012475268534167066,0
2019-02-01,0.01220062775411426,0.012474767058653868,0
2019-02-11,0.013384763607807056,0.01248012683208532,1
2019-02-12,0.01404519994667344,0.01249554821965274,1
2019-02-13,0.01360626960185954,0.012518064561071775,1
2019-02-14,0.013448493661896006,0.012534697753698261,1
2019-02-15,0.012741008720701066,0.012550250271764372,1
2019-02-18,0.012075651354304762,0.012546142048488558,0
2019-02-19,0.013960242692035631,0.012562574941591811,1
2019-02-20,0.013168293380488201,0.01256687811201186,1
2019-02-21,0.012458879150708155,0.012565802319406847,0
2019-02-22,0.011855442630697403,0.012564726526801837,0
2019-02-25,0.012567569745786331,0.01256764657755244,0
2019-02-26,0.016019277718963915,0.012567953904616872,1
2019-02-27,0.014968144602044108,0.012575913400169846,1
2019-02-28,0.014029184984407425,0.01259076518516712,1
2019-03-01,0.013234943259186172,0.012600321902308064,1
2019-03-04,0.012595015388890587,0.012599830847440601,0
2019-03-05,0.012718724483431719,0.012601795066910454,1
2019-03-06,0.013552649900045146,0.012611743071246061,1
2019-03-07,0.013738569544870427,0.012628111276391912,1
2019-03-08,0.0135503954732368,0.012643113173736356,1
2019-03-11,0.015985199953185193,0.01266314697926377,1
2019-03-12,0.01690234890519216,0.012708795633554544,1
2019-03-13,0.01616301225771479,0.012716738713456284,1
2019-03-14,0.015543474223866906,0.012725288535449308,1
2019-03-15,0.015614005202079779,0.012734202230357046,1
2019-03-18,0.014968254933421013,0.012745534420008437,1
2019-03-19,0.014852073143199824,0.012763637217237913,1
2019-03-20,0.013954477213606913,0.012765995737041257,1
2019-03-21,0.013132509524285227,0.012779013280758344,1
2019-03-22,0.012707813277389044,0.01277487064283626,0
2019-03-25,0.01211350623375839,0.012770728004914177,0
2019-03-26,0.01175928462589227,0.012766585366992092,0
2019-03-27,0.01293850094812364,0.012783155918680428,1
2019-03-28,0.012351685711408412,0.012779013280758344,0
2019-03-29,0.012221359697776234,0.01277487064283626,0
2019-04-01,0.013274486595695283,0.012787759944181794,1
2019-04-02,0.014772882739086179,0.012789605494498923,1
2019-04-03,0.01391790007105238,0.012792079627078007,1
2019-04-04,0.013355693994456963,0.01279286369343953,1
2019-04-08,0.012641856109086653,0.012792808515700613,0
2019-04-09,0.012014249633065901,0.012792753337961696,0
2019-04-10,0.01151319263374128,0.012792698160222778,0
2019-04-11,0.011034689458213504,0.012792079627078007,0
2019-04-12,0.011626247044809801,0.012791461093933237,0
2019-04-15,0.011127035915079455,0.012790842560788464,0
2019-04-16,0.010941936398328847,0.012790224027643694,0
2019-04-17,0.011771543291107854,0.012789605494498923,0
2019-04-18,0.011473664631351521,0.01278914410691964,0
2019-04-19,0.01112473303665767,0.012788682719340359,0
2019-04-22,0.010899775187297218,0.012788221331761076,0
2019-04-23,0.011119578568228814,0.012787759944181794,0
2019-04-24,0.011793120799796624,0.012787298556602511,0
2019-04-25,0.011519782686948983,0.012783155918680428,0
2019-04-26,0.014517758137939114,0.012788682719340359,1
2019-04-29,0.013913827955092616,0.012790842560788464,1
2019-04-30,0.015203745297373108,0.012792753337961696,1
2019-05-06,0.014394175566389302,0.012792974048917365,1
2019-05-07,0.01908088256015225,0.01279703993958864,1
2019-05-08,0.017911930437154874,0.012798461670916769,1
2019-05-09,0.01668189979030011,0.012810337167966278,1
2019-05-10,0.015655787764132255,0.012833603155075875,1
2019-05-13,0.01609389322291408,0.012857035155858452,1
2019-05-14,0.015085289499439743,0.01285855389364972,1
2019-05-15,0.01423134408062776,0.012874973331631798,1
2019-05-16,0.014140051894756,0.012894293992604744,1
2019-05-17,0.013381443442452314,0.012913488374048652,1
2019-05-20,0.014938502653477412,0.01293850094812364,1
2019-05-21,0.014034789666086006,0.01293915682893455,1
2019-05-22,0.01369732775335884,0.012960281868975979,1
2019-05-23,0.01298525649583708,0.0129786561476559,1
2019-05-24,0.013427358079441612,0.01298549332780034,1
2019-05-27,0.012791635672429297,0.01298525649583708,0
2019-05-28,0.013589718663170531,0.012986203823690116,1
2019-05-29,0.012809869110662363,0.012985966991726857,0
2019-05-30,0.012153558551151853,0.012985730159763599,0
2019-05-31,0.011734040312337745,0.01298549332780034,0
2019-06-03,0.011217152353817065,0.01298525649583708,0
2019-06-04,0.011556445331901238,0.012983056379776687,0
2019-06-05,0.011865029218857615,0.012980856263716293,0
2019-06-06,0.011326943827650789,0.0129786561476559,0
2019-06-10,0.012740229909087677,0.012976456031595507,0
2019-06-11,0.012315034657742368,0.012974255915535112,0
2019-06-12,0.014216503134360334,0.012983056379776687,1
2019-06-13,0.013408960774571326,0.012985966991726857,1
2019-06-14,0.012732843690976093,0.012985730159763599,0
2019-06-17,0.013211906650809973,0.0129898440277191,1
2019-06-18,0.012480454844560394,0.012986440655653375,0
2019-06-19,0.011861388809753681,0.012986203823690116,0
2019-06-20,0.011820829413027065,0.012985966991726857,0
2019-06-21,0.011879272239468575,0.012985730159763599,0
2019-06-24,0.012242443707449964,0.01298549332780034,0
2019-06-25,0.01164851893528906,0.01298525649583708,0
2019-06-26,0.011431939153440365,0.012983056379776687,0
2019-06-27,0.010965832065657495,0.012980856263716293,0
2019-06-28,0.010709406541548306,0.0129786561476559,0
2019-07-01,0.011139254913233688,0.012976456031595507,0
2019-07-02,0.01286577622505961,0.012974255915535112,0
2019-07-03,0.012180710499912968,0.012967268892255546,0
2019-07-04,0.011898017488177306,0.012960281868975979,0
2019-07-05,0.011407281600894928,0.012953294845696413,0
2019-07-08,0.010972062501760275,0.012946307822416847,0
2019-07-09,0.013625262630569575,0.012974255915535112,1
2019-07-10,0.012859535484765863,0.012967268892255546,0
2019-07-11,0.012299393035691955,0.012960281868975979,0
2019-07-12,0.011695431439801167,0.012953294845696413,0
2019-07-15,0.011199837167496078,0.012946307822416847,0
2019-07-16,0.011029143442198179,0.012939320799137278,0
2019-07-17,0.010665297436906956,0.01293915682893455,0
2019-07-18,0.010337910697870743,0.012938992858731823,0
2019-07-19,0.011316664592763051,0.012938828888529095,0
2019-07-22,0.01095645657272853,0.012938664918326369,0
2019-07-23,0.012895817546624977,0.01293850094812364,0
2019-07-24,0.012579429671568151,0.012932247804604894,0
2019-07-25,0.012316714856816352,0.012925994661086147,0
2019-07-26,0.011731337501170135,0.012919741517567399,0
2019-07-29,0.011215976475613378,0.012913488374048652,0
2019-07-30,0.01078846438725782,0.012907235230529904,0
2019-07-31,0.010526869815030124,0.012904951693748919,0
2019-08-01,0.010396061020701954,0.012902668156967933,0
2019-08-02,0.010174070819248052,0.012900384620186948,0
2019-08-05,0.010975853551487082,0.012898101083405963,0
2019-08-06,0.011015196558341506,0.012895817546624977,0
2019-08-07,0.012817874973877328,0.012893787337430908,0
2019-08-08,0.012164372102412573,0.012891757128236842,0
2019-08-09,0.011681197167607021,0.012889726919042773,0
2019-08-12,0.011579843383002483,0.012887696709848706,0
2019-08-13,0.011894566410137057,0.012885666500654638,0
2019-08-14,0.011446742905386425,0.012881688445535633,0
2019-08-15,0.011095402461484655,0.012877710390416627,0
2019-08-16,0.010716162761178009,0.012873732335297622,0
2019-08-19,0.010451091269075643,0.012869754280178617,0
2019-08-20,0.01281697535560737,0.01286577622505961,0
2019-08-21,0.01215192070948794,0.01286452807700086,0
2019-08-22,0.011570684074823298,0.01286327992894211,0
2019-08-23,0.01113511037627831,0.012862031780883363,0
2019-08-26,0.010745961557029544,0.012860783632824613,0
2019-08-27,0.01062048298880822,0.012859535484765863,0
2019-08-28,0.01149541150222274,0.012859415103432198,0
2019-08-29,0.011017558380686543,0.012859294722098532,0
2019-08-30,0.01062588936790296,0.012859174340764867,0
2019-09-02,0.011086028529041234,0.012859053959431202,0
2019-09-03,0.012318263198980838,0.012858933578097536,0
2019-09-04,0.01182249524819568,0.01285855389364972,0
2019-09-05,0.01148619526788068,0.012858174209201902,0
2019-09-06,0.011268651584682345,0.012857794524754086,0
2019-09-09,0.010888378014064755,0.012857414840306268,0
2019-09-10,0.011855729084300985,0.012857035155858452,0
2019-09-11,0.01133730110228169,0.012851177155662809,0
2019-09-12,0.010997288855641926,0.012845319155467163,0
2019-09-16,0.010755098496332154,0.012839461155271518,0
2019-09-17,0.010467673349081224,0.012833603155075875,0
2019-09-18,0.011833137963888223,0.012827745154880228,0
2019-09-19,0.011307235554308202,0.01282577111867965,0
2019-09-20,0.0112345717648926,0.012823797082479068,0
2019-09-23,0.010803170769483386,0.012821823046278488,0
2019-09-24,0.010730429419926872,0.012819849010077908,0
2019-09-25,0.010409591272140108,0.012817874973877328,0
2019-09-26,0.011374387117159008,0.012817695050223336,0
2019-09-27,0.012878593179725902,0.012823797082479068,1
2019-09-30,0.012374161560788405,0.012821823046278488,0
2019-10-08,0.012066083982804595,0.012819849010077908,0
2019-10-09,0.011502081506822907,0.012817874973877328,0
2019-10-10,0.011304815696026378,0.012817695050223336,0
2019-10-11,0.011346681023172888,0.012817515126569345,0
2019-10-14,0.010905962512169676,0.012817335202915352,0
2019-10-15,0.011303275256829594,0.01281715527926136,0
2019-10-16,0.011248145465743476,0.01281697535560737,0
2019-10-17,0.01094683102786012,0.012815554106618368,0
2019-10-18,0.010581858342654906,0.012814132857629367,0
2019-10-21,0.010848785182324752,0.012812711608640365,0
2019-10-22,0.010547305528221345,0.012811290359651364,0
2019-10-23,0.010698303930677245,0.012809869110662363,0
2019-10-24,0.010498473641768315,0.012807641657201286,0
2019-10-25,0.010206487716875046,0.012805414203740208,0
2019-10-28,0.01013430950141967,0.012803186750279132,0
2019-10-29,0.011079630770714926,0.012800959296818055,0
2019-10-30,0.011380219891406801,0.012798731843356977,0
2019-10-31,0.011451453574588356,0.012798596757136873,0
2019-11-01,0.011402289292261223,0.012798461670916769,0
2019-11-04,0.011226534740405653,0.012798326584696667,0
2019-11-05,0.010818513039223217,0.012798191498476563,0
2019-11-06,0.010466125514245073,0.012798056412256459,0
2019-11-07,0.010495318113617178,0.012797039939588641,0
2019-11-08,0.010357198016596536,0.012796023466920822,0
2019-11-11,0.010111307755845497,0.012795006994253002,0
2019-11-12,0.012019943457918958,0.012793990521585185,0
2019-11-13,0.011490825332148864,0.012792974048917365,0
2019-11-14,0.011065816596353804,0.012792918871178447,0
2019-11-15,0.01077733859877744,0.01279286369343953,0
2019-11-18,0.011018590601797636,0.012792808515700613,0
2019-11-19,0.010817078521558565,0.012792753337961696,0
2019-11-20,0.011475178959456203,0.012792698160222778,0
2019-11-21,0.011121022275528903,0.01279248566266408,0
2019-11-22,0.010708074906390388,0.012792273165105386,0
2019-11-25,0.010624367420578177,0.012792060667546689,0
2019-11-26,0.010333951712671317,0.012791848169987994,0
2019-11-27,0.010082664402190163,0.012791635672429297,0
2019-11-28,0.009886960146944533,0.012791229636843222,0
2019-11-29,0.009776591043852095,0.012790823601257148,0
2019-12-02,0.009644920826760536,0.012790417565671073,0
2019-12-03,0.009547548153250597,0.012790011530084999,0
2019-12-04,0.00968072770834779,0.012789605494498923,0
2019-12-05,0.00957854426177015,0.01278914410691964,0
2019-12-06,0.009945082813639901,0.012788682719340359,0
2019-12-09,0.0099568947636317,0.012788221331761076,0
2019-12-10,0.00981293660746001,0.012787759944181794,0
2019-12-11,0.009751734602337914,0.012787298556602511,0
2019-12-12,0.009646049527926444,0.01278315591868043,0
2019-12-13,0.009575846640638352,0.012779013280758344,0
2019-12-16,0.010108419842533045,0.012774870642836259,0
2019-12-17,0.01091781575248906,0.012770728004914177,0
2019-12-18,0.011094068723686068,0.012766585366992092,0
2019-12-19,0.010700279114154863,0.012765995737041257,0
2019-12-20,0.010540817473805293,0.01276540610709042,0
2019-12-23,0.010531886590836908,0.012764816477139585,0
2019-12-24,0.011628783286231925,0.012764226847188748,0
2019-12-25,0.0118617878174115,0.012763637217237913,0
2019-12-26,0.011342145380201814,0.012759111517930546,0
2019-12-27,0.011136216438957321,0.012754585818623175,0
2019-12-30,0.010856925624373277,0.012750060119315804,0
2019-12-31,0.01057558258158297,0.012745534420008437,0
2020-01-02,0.010389072205685386,0.012741008720701066,0
2020-01-03,0.011323924907525193,0.01274085295837839,0
2020-01-06,0.01096740253238808,0.01274069719605571,0
2020-01-07,0.01077239132303037,0.012740541433733033,0
2020-01-08,0.011055824036879304,0.012740385671410354,0
2020-01-09,0.011297240160937446,0.012740229909087677,0
2020-01-10,0.011558073683840762,0.01273875266546536,0
2020-01-13,0.01109446027274019,0.012737275421843044,0
2020-01-14,0.011007293841759103,0.012735798178220726,0
2020-01-15,0.01061495596421838,0.01273432093459841,0
2020-01-16,0.010391839768960815,0.012732843690976093,0
2020-01-17,0.010205579184021384,0.012732207866806414,0
2020-01-20,0.010043890209614003,0.012731572042636734,0
2020-01-21,0.01019018002276153,0.012730936218467057,0
2020-01-22,0.010520203333012903,0.012730300394297378,0
2020-01-23,0.010221541998315884,0.012729664570127698,0
2020-02-03,0.013271473070195456,0.012732207866806414,1
2020-02-04,0.020116622243277392,0.012737275421843044,1
2020-02-05,0.018728256280734733,0.012740541433733033,1
2020-02-06,0.01798444019678462,0.012745534420008437,1
2020-02-07,0.01734538044573537,0.012763637217237913,1
2020-02-10,0.016300534362414763,0.012765995737041257,1
2020-02-11,0.01554215266466769,0.012779013280758344,1
2020-02-12,0.014575203200206903,0.012788221331761076,1
2020-02-13,0.014098473321375971,0.012790011530084999,1
2020-02-14,0.01344947066832474,0.012791635672429297,1
2020-02-17,0.012695480819086988,0.012791229636843222,0
2020-02-18,0.014265568824075744,0.012792273165105386,1
2020-02-19,0.01392235086975516,0.012792808515700613,1
2020-02-20,0.01315491198942522,0.012793990521585185,1
2020-02-21,0.013171473614560905,0.012798056412256459,1
2020-02-24,0.012684953298850443,0.012797039939588641,0
2020-02-25,0.01238771854848019,0.012796023466920822,0
2020-02-26,0.011788847715366944,0.012795006994253002,0
2020-02-27,0.011817761050519049,0.012793990521585185,0
2020-02-28,0.011314565969680645,0.012792974048917365,0
2020-03-02,0.015932999784932903,0.012797039939588641,1
2020-03-03,0.016777201343989096,0.012798461670916769,1
2020-03-04,0.015818564272945645,0.012803186750279132,1
2020-03-05,0.014941957112510172,0.012811290359651364,1
2020-03-06,0.01454365466167616,0.01281697535560737,1
2020-03-09,0.013653999950255277,0.012817695050223336,1
2020-03-10,0.014645157308420404,0.012823797082479068,1
2020-03-11,0.014432566414472617,0.012839461155271521,1
2020-03-12,0.01367726093365903,0.012857414840306268,1
2020-03-13,0.013576522380455456,0.012858933578097536,1
2020-03-16,0.013100755965149861,0.012859415103432198,1
2020-03-17,0.014907802486130647,0.01286327992894211,1
2020-03-18,0.013989634584286552,0.012870903006926128,1
2020-03-19,0.013635321103376254,0.01288000784391165,1
2020-03-20,0.012947779629896934,0.012885666500654638,1
2020-03-23,0.012736718042458784,0.012884251836468892,0
2020-03-24,0.01469507546776804,0.012891757128236842,1
2020-03-25,0.014368044175670678,0.012900384620186948,1
2020-03-26,0.014380661716173769,0.012913488374048652,1
2020-03-27,0.01368598915537689,0.01293850094812364,1
2020-03-30,0.012921504670922545,0.012935101692683422,0
2020-03-31,0.01324943916518445,0.012938992858731823,1
2020-04-01,0.01251307100425338,0.012938828888529095,0
2020-04-02,0.01197368780423523,0.012938664918326369,0
2020-04-03,0.012508893191412664,0.01293850094812364,0
2020-04-07,0.011936736789951632,0.012935101692683422,0
2020-04-08,0.013547479823817994,0.012938992858731823,1
2020-04-09,0.012818802334906404,0.012938828888529095,0
2020-04-10,0.01231317132169168,0.012938664918326369,0
2020-04-13,0.012975904846757733,0.012939320799137278,1
2020-04-14,0.012443370432127543,0.01293915682893455,0
2020-04-15,0.012575627621219769,0.012938992858731823,0
2020-04-16,0.012042774934017252,0.012938828888529095,0
2020-04-17,0.0115204133520894,0.012938664918326369,0
2020-04-20,0.011041053780421124,0.01293850094812364,0
2020-04-21,0.011047504498159446,0.012935101692683422,0
2020-04-22,0.010740180867087761,0.012931702437243203,0
2020-04-23,0.010683807919479647,0.012928303181802984,0
2020-04-24,0.010421596858738813,0.012924903926362766,0
2020-04-27,0.011345884141941045,0.012921504670922545,0
2020-04-28,0.011062355689172052,0.012918650782844017,0
2020-04-29,0.01198845750567705,0.01291579689476549,0
2020-04-30,0.011441851406637078,0.012912943006686961,0
2020-05-06,0.012105920995143318,0.012910089118608433,0
2020-05-07,0.012185543567337653,0.012907235230529904,0
2020-05-08,0.011610060071091133,0.012904951693748919,0
2020-05-11,0.0114499784155164,0.012902668156967933,0
2020-05-12,0.010979772827132934,0.012900384620186948,0
2020-05-13,0.010595642899523732,0.012898101083405963,0
2020-05-14,0.010372625200388537,0.012895817546624977,0
2020-05-15,0.010395575421603824,0.01289378733743091,0
2020-05-18,0.01013137834503703,0.012891757128236842,0
2020-05-19,0.010000718594618516,0.012889726919042775,0
2020-05-20,0.010223089837353722,0.012887696709848706,0
2020-05-21,0.010324208186676554,0.012885666500654638,0
2020-05-22,0.010452607096806921,0.012884251836468892,0
2020-05-25,0.01115774234871502,0.012882837172283144,0
2020-05-26,0.010745424607460464,0.012881422508097398,0
2020-05-27,0.011557374623352877,0.01288000784391165,0
2020-05-28,0.011092819331034478,0.012878593179725902,0
2020-05-29,0.010763875322146909,0.012876029788792645,0
2020-06-01,0.01055143587280221,0.012873466397859386,0
2020-06-02,0.012268060745413,0.012870903006926128,0
2020-06-03,0.0117313098958506,0.012868339615992869,0
2020-06-04,0.01121448186473184,0.01286577622505961,0
2020-06-05,0.010803984879809818,0.01286452807700086,0
2020-06-08,0.010455503623728204,0.01286327992894211,0
2020-06-09,0.010192643079067731,0.012862031780883363,0
2020-06-10,0.010032562875902094,0.012860783632824613,0
2020-06-11,0.00987843670009911,0.012859535484765863,0
2020-06-12,0.009793731835455578,0.012859415103432198,0
2020-06-15,0.009653037838887706,0.012859294722098532,0
2020-06-16,0.00957324726585383,0.012859174340764867,0
2020-06-17,0.010524630274607798,0.012859053959431202,0
2020-06-18,0.010277504276209241,0.012858933578097536,0
2020-06-19,0.010042060872017982,0.01285855389364972,0
2020-06-22,0.009900353248310442,0.012858174209201902,0
2020-06-23,0.00973752280399854,0.012857794524754086,0
2020-06-24,0.009638887894997755,0.012857414840306268,0
2020-06-29,0.009599474266272185,0.012857035155858452,0
2020-06-30,0.009692545577837983,0.012851177155662809,0
2020-07-01,0.010474317918130647,0.012845319155467163,0
2020-07-02,0.010277496719167792,0.012839461155271521,0
2020-07-03,0.010773347492795465,0.012833603155075875,0
2020-07-06,0.010874421479592665,0.012827745154880228,0
2020-07-07,0.013952838981445347,0.012851177155662809,1
2020-07-08,0.013277117502615909,0.012858174209201902,1
2020-07-09,0.013397582050000906,0.012859174340764867,1
2020-07-10,0.013854268588410061,0.012860783632824613,1
2020-07-13,0.013145392171689706,0.01286577622505961,1
2020-07-14,0.014305909017409822,0.012876029788792645,1
2020-07-15,0.013483692633528199,0.012882837172283144,1
2020-07-16,0.013848200727149982,0.012889726919042775,1
2020-07-17,0.01586652827932363,0.012898101083405963,1
2020-07-20,0.01483124868065678,0.012907235230529904,1
2020-07-21,0.015569614389586412,0.012918650782844017,1
2020-07-22,0.014588965930461675,0.012931702437243203,1
2020-07-23,0.013730125019024805,0.012938828888529095,1
2020-07-24,0.012950594306108086,0.01294101256528921,1
2020-07-27,0.014993030211602382,0.012947779629896934,1
2020-07-28,0.014049338847724453,0.012950031370865856,1
2020-07-29,0.013456877468202656,0.012964791271764302,1
2020-07-30,0.013740295235481856,0.012974915488024161,1
2020-07-31,0.01294195219488813,0.012974585701779636,0
2020-08-03,0.012574452405220184,0.012974255915535112,0
2020-08-04,0.013683853829173613,0.012975575060513209,1
2020-08-05,0.01292425659938094,0.012975245274268684,0
2020-08-06,0.012480656465429426,0.012974915488024161,0
2020-08-07,0.011852653590907123,0.012974585701779636,0
2020-08-10,0.011725989516533116,0.012974255915535112,0
2020-08-11,0.011412746440512989,0.012969523593649708,0
2020-08-12,0.011953634611481715,0.012964791271764302,0
2020-08-13,0.011535487274578584,0.012960058949878898,0
2020-08-14,0.011165211842199428,0.012955326627993492,0
2020-08-17,0.010929646248510219,0.012950594306108086,0
2020-08-18,0.011727282648586225,0.012950031370865856,0
2020-08-19,0.0114024841213102,0.012949468435623626,0
2020-08-20,0.011569932321828055,0.012948905500381396,0
2020-08-21,0.011449398310363306,0.012948342565139164,0
2020-08-24,0.011128293777023892,0.012947779629896934,0
2020-08-25,0.010857558351774967,0.012946614142895174,0
2020-08-26,0.010494488606270358,0.012945448655893413,0
2020-08-27,0.011606601769161647,0.012944283168891652,0
2020-08-28,0.011510015885049659,0.01294311768188989,0
2020-08-31,0.011288994613298192,0.01294195219488813,0
2020-09-01,0.010850268009083078,0.012941425915737959,0
2020-09-02,0.01061295880047704,0.012940899636587788,0
2020-09-03,0.010441671551103,0.01294037335743762,0
2020-09-04,0.010505616472209269,0.012939847078287449,0
2020-09-07,0.01022321730372491,0.012939320799137278,0
2020-09-08,0.010420138510977634,0.01293915682893455,0
2020-09-09,0.010566515163700973,0.012938992858731823,0
2020-09-10,0.012264022392029011,0.012938828888529095,0
2020-09-11,0.01453838625843226,0.012939847078287449,1
2020-09-14,0.013971158598601003,0.01294195219488813,1
2020-09-15,0.013590217839975861,0.012946614142895174,1
2020-09-16,0.01282480019688255,0.012945448655893413,0
2020-09-17,0.012232456062914671,0.012944283168891652,0
2020-09-18,0.011649332748041821,0.01294311768188989,0
2020-09-21,0.011644025539617192,0.01294195219488813,0
2020-09-22,0.011152199474981299,0.012941425915737959,0
2020-09-23,0.011487906619295808,0.012940899636587788,0
2020-09-24,0.01114158910613349,0.01294037335743762,0
2020-09-25,0.01269275647488841,0.012939847078287449,0
2020-09-28,0.012103888396911676,0.012939320799137278,0
2020-09-29,0.01208817127695658,0.01293915682893455,0
2020-09-30,0.01164303662307212,0.012938992858731823,0
2020-10-09,0.011160812342653861,0.012938828888529095,0
2020-10-12,0.013055706910350273,0.012939847078287449,1
2020-10-13,0.014051817100928756,0.01294195219488813,1
2020-10-14,0.013237465577299648,0.012946614142895174,1
2020-10-15,0.012572293452473056,0.012945448655893413,0
2020-10-16,0.012055402361564325,0.012944283168891652,0
2020-10-19,0.01148955642234532,0.01294311768188989,0
2020-10-20,0.0110906255558953,0.01294195219488813,0
2020-10-21,0.011073851685652464,0.012941425915737959,0
2020-10-22,0.011107376130372921,0.012940899636587788,0
2020-10-23,0.010738073368198587,0.01294037335743762,0
2020-10-26,0.010977701558505056,0.012939847078287449,0
2020-10-27,0.010600409414277989,0.012939320799137278,0
2020-10-28,0.010285729631825953,0.01293915682893455,0
2020-10-29,0.01004828043860879,0.012938992858731823,0
2020-10-30,0.009891289896175645,0.012938828888529095,0
2020-11-02,0.012139348562068554,0.012938664918326369,0
2020-11-03,0.011562047109322333,0.01293850094812364,0
2020-11-04,0.01214222777490518,0.012935652078375102,0
2020-11-05,0.011575601795119178,0.01293280320862656,0
2020-11-06,0.011952620943449071,0.012929954338878022,0
2020-11-09,0.011632673476381668,0.01292710546912948,0
2020-11-10,0.012314383600314022,0.01292425659938094,0
2020-11-11,0.011926475274830418,0.01292370621368926,0
2020-11-12,0.01172586968677916,0.012923155827997582,0
2020-11-13,0.01121495706469153,0.012922605442305904,0
2020-11-16,0.010785920132218801,0.012922055056614224,0
2020-11-17,0.010819256183420263,0.012921504670922545,0
2020-11-18,0.010616522559455364,0.012918650782844017,0
2020-11-19,0.01036311350212176,0.01291579689476549,0
2020-11-20,0.010132033518176512,0.012912943006686961,0
2020-11-23,0.010038421490327838,0.012910089118608433,0
2020-11-24,0.009904926074014143,0.012907235230529904,0
2020-11-25,0.00973939862512107,0.012904951693748919,0
2020-11-26,0.010380672349926423,0.012902668156967933,0
2020-11-27,0.010186776009368754,0.012900384620186948,0
2020-11-30,0.00995906599667199,0.012898101083405963,0
2020-12-01,0.009817104550242291,0.012895817546624977,0
2020-12-02,0.010388317171750377,0.01289378733743091,0
2020-12-03,0.010135326408196144,0.012891757128236842,0
2020-12-04,0.009936156849191576,0.012889726919042775,0
2020-12-07,0.00978285513935255,0.012887696709848706,0
2020-12-08,0.009774447489484186,0.012885666500654638,0
2020-12-09,0.009657922560869883,0.012884251836468892,0
2020-12-10,0.010948144391618255,0.012882837172283144,0
2020-12-11,0.010567691325116478,0.012881422508097398,0
2020-12-14,0.011239181353881373,0.01288000784391165,0
2020-12-15,0.01095566344696291,0.012878593179725902,0
2020-12-16,0.010581617961841889,0.012876029788792645,0
2020-12-17,0.01074432009091823,0.012873466397859386,0
2020-12-18,0.010681067331202571,0.012870903006926128,0
2020-12-21,0.010412506468838107,0.012868339615992869,0
2020-12-22,0.010506220681907612,0.01286577622505961,0
2020-12-23,0.011688847350465954,0.01286452807700086,0
2020-12-24,0.01122380420199179,0.01286327992894211,0
2020-12-25,0.011838045556895329,0.012862031780883363,0
2020-12-28,0.01156084818404127,0.012860783632824613,0
2020-12-29,0.01143762007581836,0.012859535484765863,0
2020-12-30,0.010991416493853164,0.012859415103432198,0
2020-12-31,0.010659724882900986,0.012859294722098532,0
2021-01-04,0.010973448998406273,0.012859174340764867,0
2021-01-05,0.011260857204042116,0.012859053959431202,0
2021-01-06,0.010827072034120566,0.012858933578097536,0
2021-01-07,0.011019844160556944,0.01285855389364972,0
2021-01-08,0.012453394657721611,0.012858174209201902,0
2021-01-11,0.011827589455830189,0.012857794524754086,0
2021-01-12,0.012677596170692465,0.012857414840306268,0
2021-01-13,0.012174096359427993,0.012857035155858452,0
2021-01-14,0.01217046620549068,0.012851177155662809,0
2021-01-15,0.011603851612962351,0.012845319155467163,0
2021-01-18,0.011646496813395683,0.012839461155271521,0
2021-01-19,0.011847377056533463,0.012833603155075875,0
2021-01-20,0.011357038059283736,0.012827745154880228,0
2021-01-21,0.010932737229179668,0.012827156163280692,0
2021-01-22,0.010706856260167092,0.012826567171681156,0
2021-01-25,0.01076757528155881,0.012825978180081622,0
2021-01-26,0.011193816989699177,0.012825389188482085,0
2021-01-27,0.011015126986732649,0.01282480019688255,0
2021-01-28,0.010633323163527292,0.01282360062448732,0
2021-01-29,0.010922085658175283,0.012822401052092092,0
2021-02-01,0.011259345294832463,0.012821201479696863,0
2021-02-02,0.010900624066824419,0.012820001907301632,0
2021-02-03,0.010546817594628359,0.012818802334906404,0
2021-02-04,0.011051101137051126,0.012818616862700588,0
2021-02-05,0.011692596175332493,0.012818431390494774,0
2021-02-08,0.011647626311292524,0.012818245918288958,0
2021-02-09,0.011147615110710128,0.012818060446083144,0
2021-02-10,0.011685057004717265,0.012817874973877328,0
2021-02-18,0.011316298235099118,0.012817695050223336,0
2021-02-19,0.012772892899072465,0.012817515126569345,0
2021-02-22,0.013621915322634664,0.012818245918288958,1
2021-02-23,0.012998862356415264,0.012820001907301632,1
2021-02-24,0.012386251065360376,0.012818802334906404,0
2021-02-25,0.011770216400146631,0.012818616862700588,0
2021-02-26,0.011357558420744263,0.012818431390494774,0
2021-03-01,0.01096671898903264,0.012818245918288958,0
2021-03-02,0.012017336227972015,0.012818060446083144,0
2021-03-03,0.01155246839577343,0.012817874973877328,0
2021-03-04,0.011571836907991843,0.012817695050223336,0
2021-03-05,0.011312683610121919,0.012817515126569345,0
2021-03-08,0.011091126673277014,0.012817335202915352,0
2021-03-09,0.011148057827889633,0.01281715527926136,0
2021-03-10,0.012488568376911105,0.01281697535560737,0
2021-03-11,0.012192766384228431,0.012815554106618368,0
2021-03-12,0.012594654448271205,0.012814132857629367,0
2021-03-15,0.011951605569021018,0.012812711608640366,0
2021-03-16,0.011412162518382818,0.012811290359651364,0
2021-03-17,0.011499078282638842,0.012809869110662363,0
2021-03-18,0.01111780397340386,0.012807641657201286,0
2021-03-19,0.010711833561625028,0.012805414203740208,0
2021-03-22,0.01040262097132742,0.012803186750279132,0
2021-03-23,0.011158419923057083,0.012800959296818055,0
2021-03-24,0.01117264932669147,0.012798731843356977,0
2021-03-25,0.010979485852404375,0.012798596757136873,0
2021-03-26,0.010631557496198889,0.012798461670916769,0
2021-03-29,0.01091320192556582,0.012798326584696667,0
2021-03-30,0.010547173718229504,0.012798191498476563,0
2021-03-31,0.010487891937461812,0.012798056412256459,0
2021-04-01,0.010225231053770075,0.012797039939588641,0
2021-04-02,0.010008801922279986,0.012796023466920822,0
2021-04-06,0.009874179680182804,0.012795006994253002,0
2021-04-07,0.010203328702610275,0.012793990521585185,0
2021-04-08,0.010207072194596075,0.012792974048917365,0
2021-04-09,0.010198232036228994,0.012792918871178447,0
2021-04-12,0.009969158000862158,0.01279286369343953,0
2021-04-13,0.010442781279484786,0.012792808515700613,0
2021-04-14,0.01040474933168157,0.012792753337961696,0
2021-04-15,0.010631219155621506,0.012792698160222778,0
2021-04-16,0.010368826765295078,0.01279248566266408,0
2021-04-19,0.010968373907180662,0.012792273165105386,0
2021-04-20,0.011061493360705655,0.012792060667546689,0
2021-04-21,0.010720510276504861,0.012791848169987994,0
2021-04-22,0.010427839497322107,0.012791635672429297,0
2021-04-23,0.010193987418653265,0.012791229636843222,0
2021-04-26,0.010315251262307283,0.012790823601257148,0
2021-04-27,0.01017263044416469,0.012790417565671073,0
2021-04-28,0.010207272551628137,0.012790011530084999,0
2021-04-29,0.009989829170077907,0.012789605494498923,0
2021-04-30,0.009861231678342448,0.01278914410691964,0
2021-05-06,0.010043771676835673,0.012788682719340359,0
2021-05-07,0.009930715031691335,0.012788221331761076,0
2021-05-10,0.009815873304147208,0.012787759944181794,0
2021-05-11,0.00979062444462846,0.012787298556602511,0
2021-05-12,0.009731402642857503,0.012784417425096502,0
2021-05-13,0.010059453673121428,0.012781536293590494,0
2021-05-14,0.00996500930859079,0.012778655162084485,0
2021-05-17,0.010412276313186314,0.012775774030578476,0
2021-05-18,0.010563746483277608,0.012772892899072465,0
2021-05-19,0.01034598750106034,0.01277163139265639,0
2021-05-20,0.010094336884850296,0.012770369886240316,0
2021-05-21,0.009977876538446073,0.012769108379824241,0
2021-05-24,0.00979974953174848,0.012767846873408166,0
2021-05-25,0.00982038211539267,0.012766585366992092,0
2021-05-26,0.009902896092929924,0.012765995737041257,0
2021-05-27,0.009912524955647754,0.01276540610709042,0
2021-05-28,0.009906475230798411,0.012764816477139585,0
2021-05-31,0.00983442013710739,0.012764226847188748,0
2021-06-01,0.010099962555478967,0.012763637217237913,0
2021-06-02,0.010094975771385722,0.012759111517930546,0
2021-06-03,0.01016882585992384,0.012754585818623175,0
2021-06-04,0.009945398741272374,0.012750060119315808,0
2021-06-07,0.009781037206626738,0.012745534420008437,0
2021-06-08,0.009892143424398949,0.012741008720701066,0
2021-06-09,0.009734835210352228,0.01274085295837839,0
2021-06-10,0.009624509007097493,0.01274069719605571,0
2021-06-11,0.009574708040951969,0.012740541433733033,0
2021-06-15,0.009678979859873269,0.012740385671410354,0
2021-06-16,0.010016915715349246,0.012740229909087677,0
2021-06-17,0.010379439213933403,0.012739527535761899,0
2021-06-18,0.01022109220010733,0.01273882516243612,0
2021-06-21,0.010219137377961117,0.012738122789110342,0
2021-06-22,0.010411575943680789,0.012737420415784562,0
2021-06-23,0.010289932695015713,0.012736718042458784,0
2021-06-24,0.010079869723200878,0.012735943172162246,0
2021-06-25,0.010004909366547155,0.012735168301865708,0
2021-06-28,0.009832969830492082,0.01273439343156917,0
2021-06-29,0.009747485199307288,0.012733618561272631,0
2021-06-30,0.00999396448389936,0.012732843690976093,0
2021-07-01,0.00995407667227028,0.012732207866806414,0
2021-07-02,0.01064039389460811,0.012731572042636734,0
2021-07-05,0.010410949762931221,0.012730936218467057,0
2021-07-06,0.010727982080022675,0.012730300394297378,0
2021-07-07,0.01039505995884072,0.012729664570127698,0
2021-07-08,0.010305901175431826,0.012727476552788504,0
2021-07-09,0.010189942458048575,0.012725288535449308,0
2021-07-12,0.010141143402518416,0.012723100518110111,0
2021-07-13,0.010500691997787494,0.012720912500770915,0
2021-07-14,0.010369020809128044,0.012718724483431719,0
2021-07-15,0.01036142927025899,0.012716738713456285,0
2021-07-16,0.01028456443732897,0.01271475294348085,0
2021-07-19,0.0100474382166447,0.012712767173505415,0
2021-07-20,0.009868366974857204,0.01271078140352998,0
2021-07-21,0.00973799842762607,0.012708795633554544,0
2021-07-22,0.010168355824971618,0.012708599162321444,0
2021-07-23,0.010026611768926372,0.012708402691088343,0
2021-07-26,0.010363205209941153,0.012708206219855245,0
2021-07-27,0.010961864619239908,0.012708009748622144,0
2021-07-28,0.011853220381588784,0.012707813277389044,0
2021-07-29,0.01274971037663621,0.012708599162321444,1
2021-07-30,0.013339289033917194,0.01271475294348085,1
2021-08-02,0.012753379779333345,0.012723100518110111,1
2021-08-03,0.012914750064459633,0.012730300394297378,1
2021-08-04,0.012235001051885859,0.012729664570127698,0
2021-08-05,0.011930683812237471,0.012727476552788504,0
2021-08-06,0.011529292902560162,0.012725288535449308,0
2021-08-09,0.01104722225374657,0.012723100518110111,0
2021-08-10,0.011144016065693412,0.012720912500770915,0
2021-08-11,0.011151060594484827,0.012718724483431719,0
2021-08-12,0.010892431660735271,0.012716738713456285,0
2021-08-13,0.010542233259053735,0.01271475294348085,0
2021-08-16,0.01024008529892708,0.012712767173505415,0
2021-08-17,0.010011301037982829,0.01271078140352998,0
2021-08-18,0.01177949253525325,0.012708795633554544,0
2021-08-19,0.0115235573899124,0.012708599162321444,0
2021-08-20,0.011073695373516303,0.012708402691088343,0
2021-08-23,0.010788481988448576,0.012708206219855245,0
2021-08-24,0.012174217241654003,0.012708009748622144,0
2021-08-25,0.01166974810711309,0.012707813277389044,0
2021-08-26,0.011342823734667266,0.012705346785728634,0
2021-08-27,0.011000686442889136,0.012702880294068223,0
2021-08-30,0.010616064948616288,0.012700413802407811,0
2021-08-31,0.010305180117671476,0.0126979473107474,0
2021-09-01,0.010050632890652627,0.012695480819086988,0
2021-09-02,0.00989489638257549,0.012694935950247272,0
2021-09-03,0.010304802524169378,0.012694391081407557,0
2021-09-06,0.010060983802869617,0.012693846212567842,0
2021-09-07,0.010341368858847575,0.012693301343728125,0
2021-09-08,0.010649882032962257,0.01269275647488841,0
2021-09-09,0.01064419780670011,0.012691195839680817,0
2021-09-10,0.010324574320360692,0.012689635204473223,0
2021-09-13,0.010204278442862131,0.01268807456926563,0
2021-09-14,0.010124628735950847,0.012686513934058037,0
2021-09-15,0.010408465355243278,0.012684953298850443,0
2021-09-16,0.010319331409087034,0.012683481873218848,0
2021-09-17,0.010842890010281537,0.012682010447587252,0
2021-09-22,0.01053166574954977,0.012680539021955657,0
2021-09-23,0.010305710051641945,0.01267906759632406,0
2021-09-24,0.010291011820309956,0.012677596170692465,0
2021-09-27,0.011190550139127184,0.012672423899692187,0
2021-09-28,0.012941983080616727,0.012682010447587252,1
2021-09-29,0.012284492227046402,0.012680539021955657,0
2021-09-30,0.013597130096723493,0.012686513934058037,1
2021-10-08,0.01364942473039755,0.01269275647488841,1
2021-10-11,0.013346395998195535,0.012694935950247272,1
2021-10-12,0.01260338799331594,0.012694391081407557,0
2021-10-13,0.012556406716288004,0.012693846212567842,0
2021-10-14,0.011929838702239156,0.012693301343728125,0
2021-10-15,0.011468781581614606,0.01269275647488841,0
2021-10-18,0.011211122230697312,0.012691195839680817,0
2021-10-19,0.010998361329448883,0.012689635204473223,0
2021-10-20,0.010683765675342594,0.01268807456926563,0
2021-10-21,0.010379402990324471,0.012686513934058037,0
2021-10-22,0.010210974443404934,0.012684953298850443,0
2021-10-25,0.010315330232990895,0.012683481873218848,0
2021-10-26,0.010238818628442033,0.012682010447587252,0
2021-10-27,0.010064483626061922,0.012680539021955657,0
2021-10-28,0.010977263177986809,0.01267906759632406,0
2021-10-29,0.011648970038778635,0.012677596170692465,0
2021-11-01,0.011828644461312836,0.012672423899692187,0
2021-11-02,0.011713474818364237,0.012667251628691908,0
2021-11-03,0.011722145035019052,0.012662079357691633,0
2021-11-04,0.011340822925601061,0.012656907086691352,0
2021-11-05,0.01146734678808498,0.012651734815691073,0
2021-11-08,0.011071313752096683,0.01264975907437019,0
2021-11-09,0.010809438212155704,0.012647783333049306,0
2021-11-10,0.010851319091342309,0.012645807591728422,0
2021-11-11,0.01060586302929045,0.012643831850407537,0
2021-11-12,0.010635833563030389,0.012641856109086653,0
2021-11-15,0.010623758328852744,0.012640957969755964,0
2021-11-16,0.010608745277180493,0.012640059830425276,0
2021-11-17,0.010540352918130005,0.012639161691094587,0
2021-11-18,0.01092942724288733,0.012638263551763899,0
2021-11-19,0.010725361842109513,0.01263736541243321,0
2021-11-22,0.010865949730715056,0.012632738344412562,0
2021-11-23,0.010712841007568905,0.012628111276391912,0
2021-11-24,0.010428851184684118,0.012623484208371264,0
2021-11-25,0.01021742379373298,0.012618857140350614,0
2021-11-26,0.009981544356324644,0.012614230072329964,0
2021-11-29,0.009826923060545258,0.01261206165652716,0
2021-11-30,0.009682363571180585,0.012609893240724354,0
2021-12-01,0.00988560918524996,0.01260772482492155,0
2021-12-02,0.010270724841438695,0.012605556409118746,0
2021-12-03,0.010499672816645732,0.01260338799331594,0
2021-12-06,0.010271821846200091,0.012603069408034843,0
2021-12-07,0.01077402320142565,0.012602750822753746,0
2021-12-08,0.010533594332229178,0.012602432237472648,0
2021-12-09,0.010723793319238508,0.01260211365219155,0
2021-12-10,0.010471037692625964,0.012601795066910454,0
2021-12-13,0.010243322069387707,0.01260130401204299,0
2021-12-14,0.010075499413451799,0.012600812957175528,0
2021-12-15,0.00999681109468713,0.012600321902308064,0
2021-12-16,0.009831526238838355,0.012599830847440601,0
2021-12-17,0.010051227565692116,0.012599339792573138,0
2021-12-20,0.010069930356851995,0.012598474911836629,0
2021-12-21,0.010305113120421323,0.012597610031100118,0
2021-12-22,0.011051424607731675,0.012596745150363608,0
2021-12-23,0.0106988436243773,0.012595880269627099,0
2021-12-24,0.010469927000940816,0.012595015388890587,0
2021-12-27,0.01124032611447366,0.012594943200766711,0
2021-12-28,0.010883928177990929,0.012594871012642835,0
2021-12-29,0.01063379027331251,0.012594798824518957,0
2021-12-30,0.010315289251314206,0.012594726636395081,0
2021-12-31,0.010395788217249657,0.012594654448271205,0
2022-01-04,0.010250815866831265,0.012591609492930596,0
2022-01-05,0.010636586177424379,0.012588564537589985,0
2022-01-06,0.010993133212283821,0.012585519582249374,0
2022-01-07,0.010877607275070708,0.012582474626908762,0
2022-01-10,0.01136985804899429,0.012579429671568151,0
2022-01-11,0.011144397439786315,0.012579124392066139,0
2022-01-12,0.010787162491032256,0.012578819112564126,0
2022-01-13,0.011060463597619757,0.012578513833062115,0
2022-01-14,0.010916952617735308,0.012578208553560103,0
2022-01-17,0.010683351226899207,0.01257790327405809,0
2022-01-18,0.011141763880568154,0.012577448143490426,0
2022-01-19,0.011273128904416696,0.012576993012922762,0
2022-01-20,0.010838300104484343,0.012576537882355097,0
2022-01-21,0.012185928438111029,0.012576082751787433,0
2022-01-24,0.011940468950018207,0.012575627621219769,0
2022-01-25,0.011420656563651228,0.012575392578019852,0
2022-01-26,0.01455035154012233,0.012576993012922762,1
2022-01-27,0.013729084754469476,0.012578513833062115,1
2022-01-28,0.014741513729002655,0.012582474626908762,1
2022-02-07,0.014089766485649665,0.012594654448271205,1
2022-02-08,0.013656409108017818,0.012594943200766711,1
2022-02-09,0.013348448867740153,0.012597610031100118,1
2022-02-10,0.013051292941925495,0.012600321902308064,1
2022-02-11,0.012350163257665376,0.012599830847440601,0
2022-02-14,0.01265926116346498,0.012601795066910454,1
2022-02-15,0.012003314992823866,0.01260130401204299,0
2022-02-16,0.011483269288361178,0.012600812957175528,0
2022-02-17,0.011510811150560494,0.012600321902308064,0
2022-02-18,0.011061086214660516,0.012599830847440601,0
2022-02-21,0.010886111799658663,0.012599339792573138,0
2022-02-22,0.011216716805043334,0.012598474911836629,0
2022-02-23,0.01117778397895553,0.012597610031100118,0
2022-02-24,0.011442057074508443,0.012596745150363608,0
2022-02-25,0.01254153416048632,0.012595880269627099,0
2022-02-28,0.012121571219377594,0.012595015388890587,0
2022-03-01,0.011543768720204501,0.012594943200766711,0
2022-03-02,0.011306820207371305,0.012594871012642835,0
2022-03-03,0.010942336406786877,0.012594798824518957,0
2022-03-04,0.010567230915763337,0.012594726636395081,0
2022-03-07,0.01078910589535528,0.012594654448271205,0
2022-03-08,0.011185431118433271,0.012591609492930596,0
2022-03-09,0.013389521632299728,0.012594871012642835,1
2022-03-10,0.013040730856210532,0.012596745150363608,1
2022-03-11,0.01301318568845698,0.012599830847440601,1
2022-03-14,0.012414335590799342,0.012599339792573138,0
2022-03-15,0.01340141928955273,0.01260130401204299,1
2022-03-16,0.01645050422767046,0.012602750822753746,1
2022-03-17,0.016437015907688052,0.01260772482492155,1
2022-03-18,0.01573986752022223,0.012618857140350614,1
2022-03-21,0.015004125697834238,0.01263736541243321,1
2022-03-22,0.014327733800143159,0.012640957969755964,1
2022-03-23,0.013460707846618812,0.012647783333049306,1
2022-03-24,0.012709741457478782,0.012654745354800637,1
2022-03-25,0.012361922865680887,0.012653240085245855,0
2022-03-28,0.011784704589989531,0.012651734815691073,0
2022-03-29,0.011304196863900898,0.01264975907437019,0
2022-03-30,0.011137179697652743,0.012647783333049306,0
2022-03-31,0.011467944257606767,0.012645807591728422,0
2022-04-01,0.011004579880533718,0.012643831850407537,0
2022-04-06,0.010628622517906996,0.012641856109086653,0
2022-04-07,0.010781137016924491,0.012640957969755964,0
2022-04-08,0.012065787739908239,0.012640059830425276,0
2022-04-11,0.011616549982284737,0.012639161691094587,0
2022-04-12,0.01317229774893799,0.012643831850407537,1
2022-04-13,0.013103678411464315,0.012651734815691073,1
2022-04-14,0.01321068862700555,0.012657755893910197,1
2022-04-15,0.012651267086183457,0.012656250624355417,0
2022-04-18,0.012711468776674778,0.012666595166355975,1
2022-04-19,0.012125581003443419,0.012662928164910476,0
2022-04-20,0.011625275304323066,0.01265926116346498,0
2022-04-21,0.011463258856790497,0.012657755893910197,0
2022-04-22,0.014240976614488966,0.012670262167801472,1
2022-04-25,0.01352377237982375,0.012680539021955657,1
2022-04-26,0.018876700777326845,0.012686513934058037,1
2022-04-27,0.01850642050292639,0.01269275647488841,1
2022-04-28,0.017885475211730614,0.012694935950247272,1
2022-04-29,0.01692676811148226,0.012702880294068223,1
2022-05-05,0.017538898093432457,0.012708206219855245,1
2022-05-06,0.01663337825307375,0.012708984798339392,1
2022-05-09,0.01566849418408446,0.012709741457478782,1
2022-05-10,0.015033593459906831,0.01271112331283558,1
2022-05-11,0.014473366203520844,0.012715822200728944,1
2022-05-12,0.01359526021422967,0.012723100518110111,1
2022-05-13,0.01292422973202586,0.012730300394297378,1
2022-05-16,0.012334857574254647,0.012729664570127698,0
2022-05-17,0.011737726813797686,0.012727476552788502,0
2022-05-18,0.011237305975492823,0.012725288535449308,0
2022-05-19,0.010962425373119377,0.012723100518110111,0
2022-05-20,0.010740735590813155,0.012720912500770915,0
2022-05-23,0.010834874833662586,0.012718724483431719,0
2022-05-24,0.011052756011280529,0.01271727334208033,0
2022-05-25,0.014482207812835155,0.012725288535449308,1
2022-05-26,0.014192835437435021,0.012730936218467057,1
2022-05-27,0.013363144818686971,0.012733618561272631,1
2022-05-30,0.012612674832517736,0.012732843690976093,0
2022-05-31,0.01212582434548435,0.012732207866806414,0
2022-06-01,0.011710003006774479,0.012731572042636736,0
2022-06-02,0.011244675947321274,0.012730936218467057,0
2022-06-06,0.010867243510656798,0.012730300394297378,0
2022-06-07,0.011175039925035306,0.012729664570127698,0
2022-06-08,0.010827586955888584,0.012727476552788502,0
2022-06-09,0.01049997937225077,0.012725288535449308,0
2022-06-10,0.011548778566337672,0.012723100518110111,0
2022-06-13,0.011749302000709179,0.012720912500770915,0
2022-06-14,0.011259601249466218,0.012718724483431719,0
2022-06-15,0.010834085675761948,0.01271727334208033,0
2022-06-16,0.010491422905991985,0.012715822200728944,0
2022-06-17,0.010321349525995248,0.012714371059377555,0
2022-06-20,0.010111071762471701,0.012712919918026167,0
2022-06-21,0.010445433628132925,0.012711468776674778,0
2022-06-22,0.010246161410808738,0.01271112331283558,0
2022-06-23,0.010651469658765298,0.01271077784899638,0
2022-06-24,0.011392879607736724,0.012710432385157181,0
2022-06-27,0.011237328361337784,0.012710086921317981,0
2022-06-28,0.011064803361342346,0.012709741457478782,0
2022-06-29,0.011331394117605517,0.012709552292693934,0
2022-06-30,0.012177833889699747,0.012709363127909087,0
2022-07-01,0.01174632145520538,0.012709173963124239,0
2022-07-04,0.011233988709815372,0.012708984798339392,0
2022-07-05,0.010924117796217173,0.012708795633554544,0
2022-07-06,0.01078908513389916,0.012708599162321444,0
2022-07-07,0.010841427551459204,0.012708402691088343,0
2022-07-08,0.01064683462227437,0.012708206219855245,0
2022-07-11,0.010328815725421228,0.012708009748622144,0
2022-07-12,0.010359839768545822,0.012707813277389044,0
2022-07-13,0.010908835607651057,0.012705346785728633,0
2022-07-14,0.01111842415425598,0.012702880294068223,0
2022-07-15,0.010778815508667055,0.012700413802407811,0
2022-07-18,0.011600817671218304,0.0126979473107474,0
2022-07-19,0.01283440739345125,0.012707813277389044,1
2022-07-20,0.012405455412100766,0.012705346785728633,0
2022-07-21,0.012008184171882598,0.012702880294068223,0
2022-07-22,0.011507135329728356,0.012700413802407811,0
2022-07-25,0.011037860779713627,0.0126979473107474,0
2022-07-26,0.010899433783421253,0.012695480819086988,0
2022-07-27,0.010986914599994966,0.012694935950247272,0
2022-07-28,0.010826321215013136,0.012694391081407557,0
2022-07-29,0.010653591028919234,0.012693846212567842,0
2022-08-01,0.010448341792307518,0.012693301343728125,0
2022-08-02,0.010275713496881745,0.01269275647488841,0
2022-08-03,0.014049595337374073,0.012694935950247272,1
2022-08-04,0.013272581006131738,0.012702880294068223,1
2022-08-05,0.012962847979558429,0.012708206219855245,1
2022-08-08,0.01250653798909057,0.012708009748622144,0
2022-08-09,0.01234365223001066,0.012707813277389044,0
2022-08-10,0.011765585188489597,0.012705346785728633,0
2022-08-11,0.011264793698071478,0.012702880294068223,0
2022-08-12,0.011376620976547309,0.012700413802407811,0
2022-08-15,0.010945162264427925,0.0126979473107474,0
2022-08-16,0.010645333381700256,0.012695480819086988,0
2022-08-17,0.010581431220883779,0.012694935950247272,0
2022-08-18,0.010302033243832727,0.012694391081407557,0
2022-08-19,0.010048512401932696,0.012693846212567842,0
2022-08-22,0.010419047414408527,0.012693301343728125,0
2022-08-23,0.01038180445830723,0.01269275647488841,0
2022-08-24,0.010181247247710641,0.012691195839680815,0
2022-08-25,0.012594143989143415,0.012689635204473224,0
2022-08-26,0.011974070688715269,0.01268807456926563,0
2022-08-29,0.01150176303925707,0.012686513934058037,0
2022-08-30,0.011213617563872269,0.012684953298850443,0
2022-08-31,0.010816405187628468,0.012683481873218848,0
2022-09-01,0.01252390573528348,0.012682010447587252,0
2022-09-02,0.011927631652359542,0.012680539021955657,0
2022-09-05,0.011860749770345031,0.01267906759632406,0
2022-09-06,0.011358123725920542,0.012677596170692465,0
2022-09-07,0.011460514016595471,0.012673929169246968,0
2022-09-08,0.011008292283795565,0.012670262167801472,0
2022-09-09,0.010918228469224902,0.012666595166355975,0
2022-09-13,0.010542317780993437,0.012662928164910476,0
2022-09-14,0.010267137632232687,0.01265926116346498,0
2022-09-15,0.010339670767633154,0.012657755893910197,0
2022-09-16,0.01183812776131369,0.012656250624355417,0
2022-09-19,0.012958061797671408,0.012666595166355975,1
2022-09-20,0.01262162514995577,0.012662928164910476,0
2022-09-21,0.012521620131524035,0.01265926116346498,0
2022-09-22,0.011927853071659928,0.012657755893910197,0
2022-09-23,0.011448257511202493,0.012656250624355417,0
2022-09-26,0.012127721872649232,0.012654745354800637,0
2022-09-27,0.012508348855108946,0.012653240085245855,0
2022-09-28,0.013133161523720458,0.01265926116346498,1
2022-09-29,0.013804625438440118,0.012673929169246968,1
2022-09-30,0.013084675561361572,0.012682010447587252,1
2022-10-10,0.012668696845400824,0.012680539021955657,0
2022-10-11,0.012670927993904402,0.01267906759632406,0
2022-10-12,0.012117198103421344,0.012677596170692465,0
2022-10-13,0.013233107259797377,0.012683481873218848,1
2022-10-14,0.01268345018179834,0.012684352052029602,0
2022-10-17,0.013072142186499373,0.01268807456926563,1
2022-10-18,0.012855757718332165,0.012693301343728125,1
2022-10-19,0.012199906577213294,0.01269275647488841,0
2022-10-20,0.0118002648622237,0.012691195839680815,0
2022-10-21,0.011320595215360297,0.012689635204473224,0
2022-10-24,0.01087245540603021,0.01268807456926563,0
2022-10-25,0.01123921724266912,0.012686513934058037,0
2022-10-26,0.010838231894334407,0.012684953298850443,0
2022-10-27,0.011676589004824796,0.012684652675440023,0
2022-10-28,0.01117824942077878,0.012684352052029602,0
2022-10-31,0.013942908609863396,0.01268807456926563,1
2022-11-01,0.013303435638467065,0.012693301343728125,1
2022-11-02,0.013868977358130384,0.012695480819086988,1
2022-11-03,0.013372584354399893,0.012705346785728633,1
2022-11-04,0.012637070116678915,0.012702880294068223,0
2022-11-07,0.012737860605358729,0.012708206219855245,1
2022-11-08,0.01223585748045649,0.012708009748622144,0
2022-11-09,0.011640793927797355,0.012707813277389044,0
2022-11-10,0.011143128320029939,0.012705346785728633,0
2022-11-11,0.010768969145320502,0.012702880294068223,0
2022-11-14,0.010517973564765424,0.012700413802407811,0
2022-11-15,0.010224622422435482,0.0126979473107474,0
2022-11-16,0.011212264595522967,0.012695480819086988,0
2022-11-17,0.01079313947622092,0.012694935950247272,0
2022-11-18,0.010511748964005068,0.012694391081407557,0
2022-11-21,0.01043208431539536,0.012693846212567842,0
2022-11-22,0.010177912575704108,0.012693301343728125,0
2022-11-23,0.010446455055043274,0.01269275647488841,0
2022-11-24,0.010325679206072698,0.012691195839680815,0
2022-11-25,0.010122976361841476,0.012689635204473224,0
2022-11-28,0.010142464192956578,0.01268807456926563,0
2022-11-29,0.009986170868037696,0.012686513934058037,0
2022-11-30,0.011251471238585333,0.012684953298850443,0
2022-12-01,0.010815576226849621,0.012684652675440023,0
2022-12-02,0.010679438458101093,0.012684352052029602,0
2022-12-05,0.01049880575718317,0.01268405142861918,0
2022-12-06,0.01053878372525115,0.01268375080520876,0
2022-12-07,0.01032097435420833,0.01268345018179834,0
2022-12-08,0.010067033462884189,0.012682279379577164,0
2022-12-09,0.00991153019615779,0.01268110857735599,0
2022-12-12,0.009762254107508406,0.012679937775134814,0
2022-12-13,0.009702899556206061,0.01267876697291364,0
2022-12-14,0.009605691563679054,0.012677596170692465,0
2022-12-15,0.009551224266553643,0.012676262535334852,0
2022-12-16,0.009508810735735227,0.01267492889997724,0
2022-12-19,0.009956737199333909,0.012673595264619628,0
2022-12-20,0.01162155375528994,0.012672261629262015,0
2022-12-21,0.011191740552839398,0.012670927993904402,0
2022-12-22,0.010936115658399687,0.012670481764203686,0
2022-12-23,0.011278962324925607,0.012670035534502971,0
2022-12-26,0.010864374532747047,0.012669589304802255,0
2022-12-27,0.011310343005481843,0.01266914307510154,0
2022-12-28,0.010939880766220718,0.012668696845400824,0
2022-12-29,0.011018768597039435,0.012666809709013654,0
2022-12-30,0.01070770967286038,0.012664922572626488,0
2023-01-03,0.010582276513662874,0.012663035436239319,0
2023-01-04,0.011833492422109754,0.012661148299852149,0
2023-01-05,0.011369300693802636,0.01265926116346498,0
2023-01-06,0.011010477684812359,0.012657755893910197,0
2023-01-09,0.010640086896567343,0.012656250624355417,0
2023-01-10,0.010456724014483977,0.012654745354800637,0
2023-01-11,0.0101884220659314,0.012653240085245855,0
2023-01-12,0.010254902863551614,0.012651734815691073,0
2023-01-13,0.010011200016218491,0.01265164126978955,0
2023-01-16,0.009898632064234292,0.012651547723888027,0
2023-01-17,0.010182943835837288,0.012651454177986503,0
2023-01-18,0.009977702604216186,0.01265136063208498,0
2023-01-19,0.0098713167130515,0.012651267086183457,0
2023-01-20,0.009831046113446507,0.012649384890764096,0
2023-01-30,0.01004367878879306,0.012647502695344736,0
2023-01-31,0.010637692991847159,0.012645620499925375,0
2023-02-01,0.01038268927378885,0.012643738304506014,0
2023-02-02,0.011081052627359691,0.012641856109086653,0
2023-02-03,0.010688573112995975,0.012640957969755964,0
2023-02-06,0.010361187755226108,0.012640059830425276,0
2023-02-07,0.010111010401335174,0.012639161691094587,0
2023-02-08,0.010118915410112847,0.012638263551763899,0
2023-02-09,0.010007712480666458,0.01263736541243321,0
2023-02-10,0.010456389719178633,0.01263730635328235,0
2023-02-13,0.010172525933716113,0.012637247294131492,0
2023-02-14,0.010394640056992328,0.012637188234980633,0
2023-02-15,0.010125356721598177,0.012637129175829775,0
2023-02-16,0.009927478739435678,0.012637070116678915,0
2023-02-17,0.011580288375591203,0.012633981123334284,0
2023-02-20,0.011147815453968946,0.012630892129989659,0
2023-02-21,0.01126572344898094,0.012627803136645029,0
2023-02-22,0.010892352995755835,0.0126247141433004,0
2023-02-23,0.010525142759301895,0.01262162514995577,0
2023-02-24,0.01024503344362234,0.012620146134430608,0
2023-02-27,0.010033606980506126,0.012618667118905448,0
2023-02-28,0.010162906382983741,0.012617188103380287,0
2023-03-01,0.010343544582529465,0.012615709087855125,0
2023-03-02,0.01038100339572087,0.012614230072329964,0
2023-03-03,0.010162105720106271,0.012613919024367518,0
2023-03-06,0.009938789524659321,0.012613607976405074,0
2023-03-07,0.009764430352616784,0.012613296928442628,0
2023-03-08,0.011194160784755965,0.012612985880480182,0
2023-03-09,0.01102504180914754,0.012612674832517736,0
2023-03-10,0.010635599463085638,0.012610817464677376,0
2023-03-13,0.011035523095045267,0.01260896009683702,0
2023-03-14,0.010659016143667606,0.01260710272899666,0
2023-03-15,0.010964017683650195,0.0126052453611563,0
2023-03-16,0.010875526054021388,0.01260338799331594,0
2023-03-17,0.011363855969229597,0.012603069408034843,0
2023-03-20,0.011081494826816883,0.012602750822753746,0
2023-03-21,0.010734032136667966,0.012602432237472648,0
2023-03-22,0.011199282321271244,0.01260211365219155,0
2023-03-23,0.01089583448919418,0.012601795066910454,0
2023-03-24,0.010524135739384337,0.01260130401204299,0
2023-03-27,0.010227441964467463,0.012600812957175528,0
2023-03-28,0.009992841306796282,0.012600321902308064,0
2023-03-29,0.010059945998241107,0.012599830847440601,0
2023-03-30,0.00998154272336863,0.012599339792573138,0
2023-03-31,0.009873735062032978,0.012598474911836627,0
2023-04-03,0.01014374606867981,0.01259761003110012,0
2023-04-04,0.010294938902353197,0.012596745150363608,0
2023-04-06,0.010394030691495778,0.012595880269627099,0
2023-04-07,0.010152557832626615,0.012595015388890587,0
2023-04-10,0.010270654618817661,0.012594943200766711,0
2023-04-11,0.01070025286725076,0.012594871012642835,0
2023-04-12,0.010374441606216372,0.012594798824518957,0
2023-04-13,0.010359874041626084,0.012594726636395081,0
2023-04-14,0.010167891400633212,0.012594654448271205,0
2023-04-17,0.009970853148555031,0.012594552356445647,0
2023-04-18,0.009792147413944421,0.01259445026462009,0
2023-04-19,0.009778095135542769,0.01259434817279453,0
2023-04-20,0.009729869845000889,0.012594246080968973,0
2023-04-21,0.009758041343977075,0.012594143989143415,0
2023-04-24,0.012045929481506101,0.012591201125628362,0
2023-04-25,0.01152394221526206,0.012588258262113312,0
2023-04-26,0.012273728728714945,0.012585315398598258,0
2023-04-27,0.011891101358373674,0.012582372535083205,0
2023-04-28,0.011349089859162182,0.012579429671568151,0
2023-05-04,0.011990024366948524,0.012579124392066139,0
2023-05-05,0.011571565479290074,0.012578819112564128,0
2023-05-08,0.011294543028667718,0.012578513833062115,0
2023-05-09,0.01094728383835334,0.012578208553560103,0
2023-05-10,0.011329946643214175,0.01257790327405809,0
2023-05-11,0.010933580398663111,0.012577448143490426,0
2023-05-12,0.010654022595004881,0.012576993012922762,0
2023-05-15,0.010721143102721096,0.012576537882355097,0
2023-05-16,0.010593304396494606,0.012576082751787433,0
2023-05-17,0.010587102607929787,0.012575627621219769,0
2023-05-18,0.010597194630867033,0.012575392578019852,0
2023-05-19,0.010340219781096394,0.012575157534819935,0
2023-05-22,0.010081039366791757,0.012574922491620018,0
2023-05-23,0.009946882606556658,0.0125746874484201,0
2023-05-24,0.010172581012697307,0.012574452405220184,0
2023-05-25,0.009963232202400996,0.012574020614670759,0
2023-05-26,0.009799673230047792,0.012573588824121332,0
2023-05-29,0.009692465785469112,0.012573157033571907,0
2023-05-30,0.009712044756759252,0.01257272524302248,0
2023-05-31,0.009644728418242541,0.012572293452473056,0
2023-06-01,0.009618745591145486,0.01257142554290182,0
2023-06-02,0.009538820825581943,0.012570557633330584,0
2023-06-05,0.009746090028717964,0.012569689723759346,0
2023-06-06,0.009689601952755153,0.01256882181418811,0
2023-06-07,0.011089911018776169,0.012567953904616872,0
2023-06-08,0.010720691798980119,0.012567877072850763,0
2023-06-09,0.010469919154649801,0.012567800241084656,0
2023-06-12,0.010225820065120511,0.012567723409318547,0
2023-06-13,0.010190695504925731,0.01256764657755244,0
2023-06-14,0.009990856921528157,0.012567569745786331,0
2023-06-15,0.009805437442992011,0.012566570784947427,0
2023-06-16,0.009700352554345116,0.012565571824108524,0
2023-06-19,0.00970890408307094,0.01256457286326962,0
2023-06-20,0.009615366776956458,0.012563573902430715,0
2023-06-21,0.009707102685606457,0.012562574941591811,0
2023-06-26,0.01057627726721673,0.012561341296531052,0
2023-06-27,0.011336859181957655,0.012560107651470288,0
2023-06-28,0.011990254873220061,0.012558874006409527,0
2023-06-29,0.011454878266648327,0.012557640361348765,0
2023-06-30,0.011197707283063872,0.012556406716288004,0
2023-07-03,0.011175427042011361,0.012553532138072955,0
2023-07-04,0.010822666414465483,0.012550657559857903,0
2023-07-05,0.010555682176730353,0.012547782981642849,0
2023-07-06,0.010398020712717296,0.012544908403427797,0
2023-07-07,0.01013002888192318,0.012542033825212745,0
2023-07-10,0.010025350495163364,0.01254193389226746,0
2023-07-11,0.009833429781702579,0.012541833959322174,0
2023-07-12,0.009933196133134394,0.01254173402637689,0
2023-07-13,0.01033195936066135,0.012541634093431606,0
2023-07-14,0.010418114710406838,0.01254153416048632,0
2023-07-17,0.010140709113471985,0.012538008475445755,0
2023-07-18,0.009949820098851762,0.012534482790405187,0
2023-07-19,0.009772962050408783,0.012530957105364619,0
2023-07-20,0.009639939670097934,0.012527431420324048,0
2023-07-21,0.010031928637789154,0.01252390573528348,0
2023-07-24,0.009878767614679134,0.012523863317512091,0
2023-07-25,0.009719232087965072,0.012523820899740702,0
2023-07-26,0.010775566325729647,0.012523778481969311,0
2023-07-27,0.010485033464641533,0.012523736064197922,0
2023-07-28,0.010351876441556168,0.012523693646426533,0
2023-07-31,0.010336863125656204,0.012523278943446034,0
2023-08-01,0.010428571680741138,0.012522864240465535,0
2023-08-02,0.01018730260016238,0.012522449537485035,0
2023-08-03,0.009967616909365005,0.012522034834504535,0
2023-08-04,0.009790880990716361,0.012521620131524035,0
2023-08-07,0.009653349281135726,0.012519910306069906,0
2023-08-08,0.0096900630432131,0.012518200480615775,0
2023-08-09,0.009581742443881418,0.012516490655161642,0
2023-08-10,0.009812815678160926,0.01251478082970751,0
2023-08-11,0.009716483465838413,0.01251307100425338,0
2023-08-14,0.010741028276759927,0.012512235441685237,0
2023-08-15,0.010473428987540931,0.012511399879117095,0
2023-08-16,0.010307957453742238,0.01251056431654895,0
2023-08-17,0.010378524750354959,0.012509728753980808,0
2023-08-18,0.010728336371307885,0.012508893191412664,0
2023-08-21,0.011147537631521078,0.01250878432415192,0
2023-08-22,0.010866284781933022,0.012508675456891176,0
2023-08-23,0.010511191034773817,0.012508566589630433,0
2023-08-24,0.01120726317743347,0.012508457722369689,0
2023-08-25,0.010788788154950347,0.012508348855108946,0
2023-08-28,0.011581132293694167,0.01250798668190527,0
2023-08-29,0.011389493528182375,0.012507624508701597,0
2023-08-30,0.01351737312935102,0.012508566589630433,1
2023-08-31,0.012787746063962149,0.012509728753980808,1
2023-09-01,0.01219918595118532,0.012508893191412664,0
2023-09-04,0.011621428452056923,0.01250878432415192,0
2023-09-05,0.011798687873964321,0.012508675456891176,0
2023-09-06,0.011357834035145318,0.012508566589630433,0
2023-09-07,0.010954730890967048,0.012508457722369689,0
2023-09-08,0.011443343277124603,0.012508348855108946,0
2023-09-11,0.01097956804160396,0.01250798668190527,0
2023-09-12,0.01085072335691436,0.012507624508701597,0
2023-09-13,0.01048952647525384,0.012507262335497921,0
2023-09-14,0.010629870385772342,0.012506900162294245,0
2023-09-15,0.010522766872221818,0.01250653798909057,0
2023-09-18,0.01022968471590949,0.012504340035203006,0
2023-09-19,0.010237525175337533,0.01250214208131544,0
2023-09-20,0.010400961416639369,0.012499944127427873,0
2023-09-21,0.010309727132202651,0.012497746173540308,0
2023-09-22,0.010278025887280379,0.01249554821965274,0
2023-09-25,0.011161872227985457,0.012494152251104415,0
2023-09-26,0.010823291322649597,0.012492756282556087,0
2023-09-27,0.010544693581404523,0.01249136031400776,0
2023-09-28,0.010292180183625836,0.012489964345459433,0
2023-10-09,0.010421250049571552,0.012488568376911105,0
2023-10-10,0.010227684690895356,0.01248698599461477,0
2023-10-11,0.010017857876975327,0.012485403612318435,0
2023-10-12,0.009828997787724454,0.012483821230022098,0
2023-10-13,0.00983856162129736,0.012482238847725763,0
2023-10-16,0.009923866761845347,0.012480656465429426,0
2023-10-17,0.00986963051926724,0.01248061614125562,0
2023-10-18,0.009727245184911108,0.012480575817081813,0
2023-10-19,0.01093391959540278,0.012480535492908007,0
2023-10-20,0.010930302722265412,0.0124804951687342,0
2023-10-23,0.010803452178959227,0.012480454844560394,0
2023-10-24,0.012221648452586074,0.012479618172687008,0
2023-10-25,0.013028260877404838,0.012480575817081813,1
2023-10-26,0.012808067293646381,0.012483821230022098,1
2023-10-27,0.012154021730823408,0.012482238847725763,0
2023-10-30,0.012094571937949434,0.012480656465429426,0
2023-10-31,0.01183013558421877,0.01248061614125562,0
2023-11-01,0.011337588478129143,0.012480575817081813,0
2023-11-02,0.010907912705559327,0.012480535492908007,0
2023-11-03,0.010841250032158672,0.0124804951687342,0
2023-11-06,0.010913039163235246,0.012480454844560394,0
2023-11-07,0.011663801069376931,0.012479618172687008,0
2023-11-08,0.011239223765483895,0.012478781500813623,0
2023-11-09,0.010813480670841582,0.012477944828940237,0
2023-11-10,0.010604496147515706,0.01247710815706685,0
2023-11-13,0.01030249405865942,0.012476271485193464,0
2023-11-14,0.010479101489550162,0.012475770009680266,0
2023-11-15,0.010264254918697322,0.012475268534167066,0
2023-11-16,0.010184826632525963,0.012474767058653868,0
2023-11-17,0.010165959557161854,0.012474265583140668,0
2023-11-20,0.010156028040351086,0.01247376410762747,0
2023-11-21,0.01033037532669961,0.012473693468240094,0
2023-11-22,0.010152916279950241,0.012473622828852718,0
2023-11-23,0.010277040385031369,0.012473552189465343,0
2023-11-24,0.01037131435969662,0.012473481550077967,0
2023-11-27,0.01061640306055791,0.012473410910690591,0
2023-11-28,0.010303583347617374,0.012470869699218137,0
2023-11-29,0.010279480531074515,0.01246832848774568,0
2023-11-30,0.010194785106953173,0.012465787276273222,0
2023-12-01,0.010081616554169042,0.012463246064800766,0
2023-12-04,0.010034866187682264,0.012460704853328309,0
2023-12-05,0.009841874354737738,0.012460339712804278,0
2023-12-06,0.010968566311657652,0.012459974572280248,0
2023-12-07,0.010668265920930597,0.012459609431756216,0
2023-12-08,0.010385715120585743,0.012459244291232185,0
2023-12-11,0.010599408023907615,0.012458879150708155,0
2023-12-12,0.010709360732241496,0.012457782252110847,0
2023-12-13,0.01048111531015487,0.012456685353513538,0
2023-12-14,0.010358129783345852,0.01245558845491623,0
2023-12-15,0.010116051145477145,0.01245449155631892,0
2023-12-18,0.00996693055761421,0.012453394657721611,0
2023-12-19,0.01057111632813264,0.012452780476978204,0
2023-12-20,0.010267336763339083,0.012452166296234794,0
2023-12-21,0.010455543767927379,0.012451552115491385,0
2023-12-22,0.010373252881936568,0.012450937934747976,0
2023-12-25,0.01084582354157566,0.012450323754004566,0
2023-12-26,0.010540050584140384,0.012448933089629162,0
2023-12-27,0.01085959292016973,0.012447542425253758,0
2023-12-28,0.010698087999027654,0.012446151760878352,0
2023-12-29,0.011493905742552126,0.012444761096502948,0
2024-01-02,0.011617720555154885,0.012443370432127543,0
2024-01-03,0.01114990655264096,0.0124414807396391,0
2024-01-04,0.010772209272640528,0.012439591047150653,0
2024-01-05,0.010457901517838273,0.012437701354662207,0
2024-01-08,0.011145702458412758,0.012435811662173762,0
2024-01-09,0.011814554665380455,0.012433921969685315,0
2024-01-10,0.011385250085454539,0.012430004693908123,0
2024-01-11,0.011197771895079508,0.012426087418130928,0
2024-01-12,0.011594963068409056,0.012422170142353733,0
2024-01-15,0.011256216804383294,0.012418252866576537,0
2024-01-16,0.01082821443489118,0.012414335590799342,0
2024-01-17,0.010546554192595788,0.01241348190880234,0
2024-01-18,0.01212843902237591,0.012412628226805335,0
2024-01-19,0.011720409783410386,0.01241177454480833,0
2024-01-22,0.011676615392724686,0.012410920862811326,0
2024-01-23,0.016520922982402927,0.012414335590799342,1
2024-01-24,0.015426111720421883,0.012430004693908123,1
2024-01-25,0.014845117015263379,0.012439591047150653,1
2024-01-26,0.01567502328732379,0.012446151760878352,1
2024-01-29,0.014660418569813337,0.012450937934747976,1
2024-01-30,0.015119345588146572,0.012453394657721611,1
2024-01-31,0.015576842487194398,0.012457782252110847,1
2024-02-01,0.017085822736646952,0.012459974572280248,1
2024-02-02,0.016203835154431447,0.012465787276273222,1
2024-02-05,0.017039075598013684,0.012473481550077967,1
2024-02-06,0.020705672470786158,0.01247376410762747,1
2024-02-07,0.019530863397823936,0.012475770009680266,1
2024-02-08,0.01831378473581665,0.012478781500813623,1
2024-02-19,0.02001374526159176,0.012480535492908007,1
2024-02-20,0.01935752578154026,0.012482238847725763,1
2024-02-21,0.018131619937088825,0.012488568376911105,1
2024-02-22,0.01714254510176567,0.012494152251104415,1
2024-02-23,0.01654221610636588,0.01250214208131544,1
2024-02-26,0.01624621020104003,0.012507262335497921,1
2024-02-27,0.015402524848212792,0.012508457722369689,1
2024-02-28,0.015382129330887952,0.012508893191412664,1
2024-02-29,0.01805093891346832,0.012512235441685237,1
2024-03-01,0.017938345399882986,0.012518200480615775,1
2024-03-04,0.016810015946825442,0.012522449537485035,1
2024-03-05,0.015682125977909255,0.012523736064197922,1
2024-03-06,0.014959576251354809,0.01252390573528348,1
2024-03-07,0.014195257572599573,0.012538008475445755,1
2024-03-08,0.013433316358135789,0.012541833959322174,1
2024-03-11,0.012879484590071206,0.012547782981642849,1
2024-03-12,0.012982325799889317,0.012557640361348765,1
2024-03-13,0.012618943225037023,0.012562574941591811,1
2024-03-14,0.011970440097752263,0.012561341296531052,0
2024-03-15,0.011490331507637815,0.012560107651470288,0
2024-03-18,0.011618702089045436,0.012558874006409527,0
2024-03-19,0.01213659008610526,0.012557640361348765,0
2024-03-20,0.011580132850011035,0.012556406716288004,0
2024-03-21,0.011492565336409606,0.012553532138072955,0
2024-03-22,0.011024517476268036,0.012550657559857903,0
2024-03-25,0.011278098830533913,0.012547782981642849,0
2024-03-26,0.012352546469461998,0.012544908403427797,0
2024-03-27,0.011741665958274989,0.012542033825212745,0
2024-03-28,0.013565370634724114,0.012553532138072955,1
2024-03-29,0.01374922899385928,0.012560107651470288,1
2024-04-01,0.013247654059909717,0.01256457286326962,1
2024-04-02,0.013519978405162867,0.01256764657755244,1
2024-04-03,0.012750214510669933,0.012567953904616872,1
2024-04-08,0.01223200265210841,0.012567877072850763,0
2024-04-09,0.012916226856635142,0.012570557633330584,1
2024-04-10,0.012630245680402693,0.012573157033571907,1
2024-04-11,0.01296718903735821,0.0125746874484201,1
2024-04-12,0.012285005027721285,0.012574452405220184,0
2024-04-15,0.011830167107048071,0.012574020614670759,0
2024-04-16,0.013863671342465704,0.012575157534819935,1
2024-04-17,0.017978448546340522,0.012576537882355097,1
2024-04-18,0.019393044160938077,0.012578208553560103,1
2024-04-19,0.018028297846430074,0.012579429671568151,1
2024-04-22,0.016808681478660114,0.012591201125628365,1
2024-04-23,0.01576112154997429,0.01259445026462009,1
2024-04-24,0.01477944080199357,0.012594798824518957,1
2024-04-25,0.014376946424646521,0.012595880269627099,1
2024-04-26,0.013531782464332325,0.012599339792573138,1
2024-04-29,0.01308991881784082,0.01260130401204299,1
2024-04-30,0.013798862172725426,0.012602750822753746,1
2024-05-06,0.013070523070994622,0.01260710272899666,1
2024-05-07,0.013310157258750972,0.012612985880480182,1
2024-05-08,0.012645470494938608,0.012614230072329964,1
2024-05-09,0.012417263864453954,0.012613919024367518,0
2024-05-10,0.012208545368541563,0.012613607976405074,0
2024-05-13,0.011875747667861597,0.012613296928442628,0
2024-05-14,0.012040018523653663,0.012612985880480182,0
2024-05-15,0.011685820842732432,0.012612674832517736,0
2024-05-16,0.01132533792449604,0.012610817464677378,0
2024-05-17,0.010959992545089458,0.01260896009683702,0
2024-05-20,0.011092494607957868,0.01260710272899666,0
2024-05-21,0.010714671645404638,0.0126052453611563,0
2024-05-22,0.010813425112997039,0.01260338799331594,0
2024-05-23,0.010511689052349414,0.012603069408034843,0
2024-05-24,0.011843069276840732,0.012602750822753746,0
2024-05-27,0.011572303246994632,0.012602432237472648,0
2024-05-28,0.01116239395548138,0.01260211365219155,0
2024-05-29,0.011220731805330812,0.012601795066910454,0
2024-05-30,0.010795398098294851,0.01260130401204299,0
2024-05-31,0.01073853580085949,0.012600812957175528,0
2024-06-03,0.01051047944484834,0.012600321902308064,0
2024-06-04,0.011575325264220664,0.012599830847440601,0
2024-06-05,0.011237500513525178,0.012599339792573138,0
2024-06-06,0.01206959164154659,0.012598474911836629,0
2024-06-07,0.014324354663639743,0.012600812957175528,1
2024-06-11,0.014013985250245449,0.012602432237472648,1
2024-06-12,0.013202878857034013,0.0126052453611563,1
2024-06-13,0.012860955415838633,0.012612674832517736,1
2024-06-14,0.012328419048429962,0.012610817464677378,0
2024-06-17,0.011722360404479564,0.01260896009683702,0
2024-06-18,0.011302716655691896,0.01260710272899666,0
2024-06-19,0.011366459817220873,0.0126052453611563,0
2024-06-20,0.011030108536935042,0.01260338799331594,0
2024-06-21,0.012352336213961113,0.012603069408034843,0
2024-06-24,0.011747896739523507,0.012602750822753746,0
2024-06-25,0.013980909358346174,0.01260710272899666,1
2024-06-26,0.013157446111908841,0.012612985880480182,1
2024-06-27,0.013866823839251943,0.012614230072329964,1
2024-06-28,0.013677618505704417,0.012618000594495611,1
2024-07-01,0.012922079122309787,0.01262055237998827,1
2024-07-02,0.012477547575128273,0.012620015995004522,0
2024-07-03,0.011851970181106154,0.012619479610020771,0
2024-07-04,0.011532646244976564,0.012618943225037023,0
2024-07-05,0.012844008905003937,0.01262108876497202,1
2024-07-08,0.012395193890754141,0.01262055237998827,0
2024-07-09,0.013392346477355972,0.01262507336213454,1
2024-07-10,0.013202052622975273,0.012631610567657938,1
2024-07-11,0.012640018364412703,0.012637070116678915,1
2024-07-12,0.013855822300339962,0.01263730635328235,1
2024-07-15,0.013062046550439793,0.012638957183620906,1
2024-07-16,0.012810203645737659,0.012640753462282283,1
2024-07-17,0.012132710519205541,0.012640385913347492,0
2024-07-18,0.01191120217556669,0.012640018364412703,0
2024-07-19,0.011367019459686576,0.012639487774016805,0
2024-07-22,0.01097428849181328,0.012638957183620906,0
2024-07-23,0.010659986654173012,0.012638426593225007,0
2024-07-24,0.011509626683541689,0.01263789600282911,0
2024-07-25,0.011675686014355573,0.01263736541243321,0
2024-07-26,0.011241626871264891,0.01263730635328235,0
2024-07-29,0.011646689221483555,0.012637247294131492,0
2024-07-30,0.011160964123328485,0.012637188234980633,0
2024-07-31,0.010841358396687229,0.012637129175829775,0
2024-08-01,0.0132073580940622,0.01263736541243321,1
2024-08-02,0.012477155842359975,0.01263730635328235,0
2024-08-05,0.012192886919252594,0.012637247294131492,0
2024-08-06,0.012952880869958286,0.012638426593225007,1
2024-08-07,0.013002341278693787,0.012640385913347492,1
2024-08-08,0.012298757646837723,0.012640018364412703,0
2024-08-09,0.011702309624036945,0.012639487774016805,0
2024-08-12,0.01136153050480726,0.012638957183620906,0
2024-08-13,0.011093322182418543,0.012638426593225007,0
2024-08-14,0.010850685143942898,0.01263789600282911,0
2024-08-15,0.010564691774907218,0.01263736541243321,0
2024-08-16,0.01054776196323844,0.01263730635328235,0
2024-08-19,0.010371503888130008,0.012637247294131492,0
2024-08-20,0.010150807193058721,0.012637188234980633,0
2024-08-21,0.011019244283528658,0.012637129175829775,0
2024-08-22,0.010652293570274751,0.012637070116678915,0
2024-08-23,0.011170568549350944,0.012635705229423672,0
2024-08-26,0.010820025525520204,0.012634340342168426,0
2024-08-27,0.010882508497960474,0.012632975454913183,0
2024-08-28,0.011157676703359255,0.012631610567657938,0
2024-08-29,0.010803054118435762,0.012630245680402693,0
2024-08-30,0.011104013263376795,0.012628521574313309,0
2024-09-02,0.01183081305045248,0.012626797468223924,0
2024-09-03,0.011936185215379713,0.01262507336213454,0
2024-09-04,0.011655177333957812,0.012623349256045155,0
2024-09-05,0.011321111921280711,0.01262162514995577,0
2024-09-06,0.011151457897911932,0.01262108876497202,0
2024-09-09,0.011676405609544846,0.01262055237998827,0
2024-09-10,0.011185300183781402,0.012620015995004522,0
2024-09-11,0.010836717595816002,0.012619479610020771,0
2024-09-12,0.010602562826904244,0.012618943225037023,0
2024-09-13,0.01030801444620963,0.012618000594495611,0
2024-09-18,0.010680113907125635,0.0126170579639542,0
2024-09-19,0.010521213776826466,0.012616115333412788,0
2024-09-20,0.011987141227806601,0.012615172702871377,0
2024-09-23,0.011454494723004338,0.012614230072329964,0
2024-09-24,0.011003127363448502,0.012613919024367518,0
2024-09-25,0.013565655079594199,0.0126170579639542,1
2024-09-26,0.013122808652288247,0.012620015995004522,1
2024-09-27,0.014466995581861064,0.012623349256045155,1
2024-09-30,0.016521349840716938,0.012630245680402693,1
2024-10-08,0.022410106178853115,0.012635705229423672,1
2024-10-09,0.023079853345592816,0.012637247294131492,1
2024-10-10,0.024391891462776854,0.012638426593225007,1
2024-10-11,0.022612866496872424,0.012640385913347492,1
2024-10-14,0.021455999934077857,0.012641856109086653,1
2024-10-15,0.0202697899031182,0.012644747617768218,1
2024-10-16,0.018961755375890336,0.012648948449685518,1
2024-10-17,0.01765459332864838,0.012651454177986503,1
2024-10-18,0.01648442539170538,0.012653240085245855,1
2024-10-21,0.016326423063497752,0.01265926116346498,1
2024-10-22,0.015571980452177534,0.012666809709013656,1
2024-10-23,0.014785744559648444,0.012670035534502971,1
2024-10-24,0.01388339386220137,0.012673595264619628,1
2024-10-25,0.013079781851875406,0.01267876697291364,1
2024-10-28,0.013347212451545253,0.01268345018179834,1
2024-10-29,0.013888500002346225,0.012684652675440023,1
2024-10-30,0.0137086575079135,0.012689635204473224,1
2024-10-31,0.012930420617284295,0.012693846212567842,1
2024-11-01,0.012684547537786906,0.012693301343728125,0
2024-11-04,0.013857661040739835,0.012695480819086988,1
2024-11-05,0.013774752420054506,0.012705346785728634,1
2024-11-06,0.01438079647393798,0.012708402691088343,1
2024-11-07,0.0135968477359065,0.012709173963124239,1
2024-11-08,0.013970716334788143,0.012710086921317981,1
2024-11-11,0.013144040502664156,0.012711468776674778,1
2024-11-12,0.013159953818677935,0.012717273342080332,1
2024-11-13,0.012590233829099247,0.012715822200728944,0
2024-11-14,0.011945878522556564,0.012714371059377555,0
2024-11-15,0.013238317069020768,0.012720912500770915,1
2024-11-18,0.013214997197919368,0.012729664570127698,1
2024-11-19,0.013462365592283709,0.012732207866806415,1
2024-11-20,0.013775781713423868,0.012735168301865708,1
2024-11-21,0.013824817366034298,0.012737175067618761,1
2024-11-22,0.013035935791853259,0.012738334466104518,1
2024-11-25,0.014528857496792886,0.012740229909087677,1
2024-11-26,0.013966195637175653,0.01274085295837839,1
2024-11-27,0.013277795198427613,0.012746229714262152,1
2024-11-28,0.013047298314238667,0.012749912030249699,1
2024-11-29,0.01235089089389198,0.012749811203442953,0
2024-12-02,0.012288018137796461,0.01274971037663621,0
2024-12-03,0.012829967531339187,0.012750113683863189,1
2024-12-04,0.012171247623226977,0.012750012857056443,0
2024-12-05,0.012102268571823645,0.012749912030249699,0
2024-12-06,0.011958607293240314,0.012749811203442953,0
2024-12-09,0.011726440553748878,0.01274971037663621,0
2024-12-10,0.011210708176728989,0.012747970045449182,0
2024-12-11,0.010926816922725235,0.012746229714262152,0
2024-12-12,0.011241080394928864,0.012744489383075125,0
2024-12-13,0.011260168512444678,0.012742749051888096,0
