Date,normal_score,abnormal_score
2018-01-18,-0.004620167675120955,0.001713658505499854
2018-01-19,-0.008240189741237528,-0.0035376488512314916
2018-01-22,-0.007062622867232382,-0.0027358383213770187
2018-01-23,-0.00839185725331217,-0.0058560569253123555
2018-01-24,-0.008401979771665074,-0.004956318617643851
2018-01-25,-0.009549362076280214,-0.0037503904411593705
2018-01-26,-0.009474893253891288,-0.001093918651950145
2018-01-29,-0.010230046963114768,-0.0014815270705978657
2018-01-30,-0.009800506819840144,0.0013818943006785132
2018-01-31,-0.00878696433425083,0.0038366942287393823
2018-02-01,-0.00791986513260793,0.004969114766083532
2018-02-02,-0.008513370378355579,0.004899164942753623
2018-02-05,-0.006838250712130688,0.008549818940834357
2018-02-06,-0.007733081939057963,0.004377683905159314
2018-02-07,-0.009421777315201406,-0.0011111993303251151
2018-02-08,-0.008055930885145718,-0.00011515124611164796
2018-02-09,-0.00609570604943119,-0.004547316621153657
2018-02-12,-0.011089810381361583,-0.006063265459206227
2018-02-13,-0.012960537147267123,-0.006573310683325208
2018-02-14,-0.013377958502582062,-0.009770433164348731
2018-02-22,-0.012976689344738829,-0.010270339208907065
2018-02-23,-0.011278201314463067,-0.011926742145577339
2018-02-26,-0.01179355718829548,-0.014791126372478277
2018-02-27,-0.012665171376656601,-0.014734908988668947
2018-02-28,-0.011719214541401898,-0.017469009573724076
2018-03-01,-0.012274332301220766,-0.01831707450795963
2018-03-02,-0.010929484361993771,-0.01982054657366647
2018-03-05,-0.01071078266196096,-0.020809380771255413
2018-03-06,-0.01053510729445526,-0.021717478663867754
2018-03-07,-0.008011449155747913,-0.022091523395706778
2018-03-08,-0.008313983290846936,-0.025120063608637423
2018-03-09,-0.008077362940113037,-0.028119579617954478
2018-03-12,-0.009891188606346683,-0.03294860748240881
2018-03-13,-0.008889049230547542,-0.027842827233220076
2018-03-14,-0.009958107676758098,-0.0241641105907988
2018-03-15,-0.011232151611723395,-0.025114739397010238
2018-03-16,-0.014362955020946706,-0.02395840920472081
2018-03-19,-0.011094288762300881,-0.02355942644271853
2018-03-20,-0.010424141029044178,-0.022873898184107552
2018-03-21,-0.009045434720402278,-0.019947620654996993
2018-03-22,-0.007219353022549899,-0.014676142330010812
2018-03-23,-0.007710661707598697,-0.01217994941962253
2018-03-26,-0.00641071977695001,-0.010734591830845758
2018-03-27,-0.004033245334572348,-0.009025802382075634
2018-03-28,-0.0052514519124302675,-0.00856006502280051
2018-03-29,-0.0010854609987354614,-0.006845687275433281
2018-03-30,-0.0018694752025631457,-0.006501817766615689
2018-04-02,-0.0010385622324849547,-0.0038007909867907317
2018-04-03,-0.0011915782866621987,-0.004154806991763285
2018-04-04,-0.003486506718585849,-0.0051107116724792585
2018-04-09,-0.004463050967262691,-0.0045018303515193345
2018-04-10,-0.0034617503509965478,-0.0013072717849935654
2018-04-11,-0.003144454927535804,0.000509613293551159
2018-04-12,-0.003993192660866953,-0.0020433020657748572
2018-04-13,-0.0036075853419740957,-0.0013959158322863008
2018-04-16,-0.0036175683181253783,-0.0010196623137889585
2018-04-17,-0.0028741817121917656,-0.0007874763840425235
2018-04-18,-0.0032219423450240573,-0.002062533270957985
2018-04-19,-0.0020282459901080673,-0.0008477800187703778
2018-04-20,-0.0029421156715018766,-0.0010038956999307677
2018-04-23,-0.005296116734221471,-0.006060556909896963
2018-04-24,-0.006585487935496959,-0.005189700876743168
2018-04-25,-0.0077518968580963556,-0.0026258194459302447
2018-04-26,-0.007218209066119733,-0.001808456951950118
2018-04-27,-0.0046595923795469405,0.0028422397925778695
2018-05-02,-0.008223581646792908,0.00048608228516279343
2018-05-03,-0.007568901025815817,0.0015866151601376445
2018-05-04,-0.008089390494496288,-0.000535258200722785
2018-05-07,-0.007622747793764953,-0.0022725750017761033
2018-05-08,-0.007859051945069775,-0.0025129051334249826
2018-05-09,-0.006371040097836065,-0.0011044078691220128
2018-05-10,-0.008582950019395234,-0.0033035102863738603
2018-05-11,-0.008415642202907421,-0.003463728736365207
2018-05-14,-0.009185065628908189,-0.0034498535440887082
2018-05-15,-0.007907986784025378,-0.0028721060908895295
2018-05-16,-0.007843483709276212,-0.0031646375803071514
2018-05-17,-0.006834269729802469,-0.0029683688213620807
2018-05-18,-0.005842698282960263,-0.0013698303903726095
2018-05-21,-0.005554614037317699,-0.0006498517940199212
2018-05-22,-0.0063428267273877605,-0.00017772422616585382
2018-05-23,-0.004542853992322959,0.0017174029204900085
2018-05-24,-0.0028047861385875213,0.0024989563390301435
2018-05-25,-0.003170802722724012,0.0016606023667227769
2018-05-28,-0.00589523315333063,-0.0005364633031891467
2018-05-29,-0.006978541201533834,-0.0011515882322512378
2018-05-30,-0.006531468537909882,-5.140317068280491e-05
2018-05-31,-0.0061127690052919575,-0.0003290493543629757
2018-06-01,-0.005883256360222749,0.0003921321719723759
2018-06-04,-0.009783988925577787,-0.0019803558073092785
2018-06-05,-0.010702164890563864,-0.00244103900155353
2018-06-06,-0.012964097795867385,-0.004021744433713108
2018-06-07,-0.011199964347248775,-0.0011669307905517578
2018-06-08,-0.011244546390492258,-0.0015073753247754037
2018-06-11,-0.010285871277532988,-0.0014196208895303594
2018-06-12,-0.008789298189467512,-0.0003364850157491252
2018-06-13,-0.008403612690180908,-0.0005515036859551599
2018-06-14,-0.007053099942844849,0.002262635699593894
2018-06-15,-0.006240038372680187,0.005769281694637081
2018-06-19,-0.0050986032906193916,0.005725602830240676
2018-06-20,-0.0035420309130152804,0.007986676011422634
2018-06-21,-0.0034201981376791035,0.005441170530155645
2018-06-22,-0.004376575933472884,0.004003452943968616
2018-06-25,-0.00391133525859704,0.00018718491126719881
2018-06-26,-0.0030880190387797173,-0.00018170405120317102
2018-06-27,-0.00440513188689067,-0.001301872921586067
2018-06-28,-0.003611122123590483,-0.004091153127368281
2018-06-29,-0.006154311528002014,-0.005451186361527128
2018-07-02,-0.004564841208347424,-0.008041353698128178
2018-07-03,-0.0020698117979614135,-0.0026685627341140857
2018-07-04,-0.0017461221776400144,-0.00048449494458729946
2018-07-05,-0.00035279367098726283,-0.0008626924752621191
2018-07-06,-0.0011729250383319691,-0.003918754644281762
2018-07-09,-0.0013464595357749356,-0.004805822076360582
2018-07-10,0.0010110211515167444,0.0003849953311560613
2018-07-11,0.000637277953184644,-0.0030846866354169726
2018-07-12,0.0003230367885750495,-0.003160546477528029
2018-07-13,-0.0009433954294082582,-0.005146170760608328
2018-07-16,-0.0028525738610147835,-0.010233621072915193
2018-07-17,-0.0066241170195638814,-0.012323502104974548
2018-07-18,-0.008256765276659025,-0.012841840411580796
2018-07-19,-0.00852934290300268,-0.011850389805050984
2018-07-20,-0.0075428435868197165,-0.012362810842147683
2018-07-23,-0.006567539945884979,-0.01011798703728057
2018-07-24,-0.006597839917692441,-0.010335177769532359
2018-07-25,-0.0064028210934799976,-0.013018703843351305
2018-07-26,-0.007672195679856515,-0.008872915776953112
2018-07-27,-0.00752305518159606,-0.007029636467522658
2018-07-30,-0.00925133860016263,-0.0049513887606265974
2018-07-31,-0.009112561172147194,-0.005496152884179909
2018-08-01,-0.008823032725873092,-0.00480853374967722
2018-08-02,-0.01020769870539447,-0.002485470650134669
2018-08-03,-0.009595353377882289,0.0014662201404871409
2018-08-06,-0.009931018037813526,-0.0005952575130015408
2018-08-07,-0.012135021684894609,-0.004222578008932723
2018-08-08,-0.012512147672867246,-0.004450110207298975
2018-08-09,-0.013108615002921108,-0.006611403011867961
2018-08-10,-0.012958006236081775,-0.007500698541520074
2018-08-13,-0.013782630999579253,-0.0068368298000820475
2018-08-14,-0.01361824468589148,-0.005096749776449854
2018-08-15,-0.012712963875475426,-0.00590643958829778
2018-08-16,-0.013396346826844981,-0.0030518188990597975
2018-08-17,-0.013100009292896385,-0.002239441257252342
2018-08-20,-0.015502482750919994,-0.0032413765503530355
2018-08-21,-0.015126522056469298,1.069057193375236e-05
2018-08-22,-0.015179103370208481,0.00014304862094818307
2018-08-23,-0.014808162941718076,-0.0008498097585139966
2018-08-24,-0.012127272993193664,-0.0028885091550917333
2018-08-27,-0.012281693926271962,-0.0030099464289555207
2018-08-28,-0.010979426255391745,-0.002204023472306891
2018-08-29,-0.011624385586947493,-0.0030844528079854144
2018-08-30,-0.009736296096190323,-0.0011220264652149722
2018-08-31,-0.009631365381900077,-0.0027476996864333474
2018-09-03,-0.009279496791261246,-0.0017140058691032742
2018-09-04,-0.009851117392369243,-0.003200160871964626
2018-09-05,-0.009203432758764458,-0.0001667337595265793
2018-09-06,-0.009384507294358725,0.0011536242344356348
2018-09-07,-0.010654515946876573,0.0032540843765133196
2018-09-10,-0.009855580082833352,0.002707545816837063
2018-09-11,-0.008421078930870789,0.0010419670392384094
2018-09-12,-0.008986108613346656,-0.00059469565885799
2018-09-13,-0.00808753963796928,-0.00033804899297244523
2018-09-14,-0.009237343631613649,0.0013854905516167033
2018-09-17,-0.008193601009708206,0.0009026619778599093
2018-09-18,-0.008040114358690006,-0.002206506040611738
2018-09-19,-0.008363351487896444,-0.0012339247556454021
2018-09-20,-0.0068180750840256,-0.001806249006512097
2018-09-21,-0.008749941167934951,-0.0010777705691034198
2018-09-25,-0.00854775357031093,-0.0009483663294994954
2018-09-26,-0.009180479797593538,-0.0008675958597411755
2018-09-27,-0.008402841300843187,-0.0033388248231700206
2018-09-28,-0.00923012968757137,-0.00356252981426987
2018-10-08,-0.009315535697610748,-0.005636637491133669
2018-10-09,-0.008898089877078401,-0.0045003274352455455
2018-10-10,-0.006346570498550931,-0.0005403608946195797
2018-10-11,-0.003580803429469502,0.0029199595443439976
2018-10-12,-0.001244831774583109,0.004562109639342105
2018-10-15,0.0005922420228187173,0.004409166495381497
2018-10-16,-0.00033016304684953073,0.0025610908746311247
2018-10-17,0.00014973551847800122,0.004994229578738113
2018-10-18,0.002745911730758635,0.005455537485364742
2018-10-19,0.001650665254580521,-6.343466104387352e-05
2018-10-22,-1.4497305847572346e-05,-0.003224744702733753
2018-10-23,-0.0013677608046822637,-0.002099496675245368
2018-10-24,-0.0026519113284141464,-0.0003728969607861623
2018-10-25,-0.0031925438101883916,-0.0006973136756154136
2018-10-26,-0.005248834776130301,0.00034314057780302767
2018-10-29,-0.005127187662904311,-0.0008724209730972374
2018-10-30,-0.004457805760428427,-0.001022458286904525
2018-10-31,-0.003555472884210982,-0.003787330135458241
2018-11-01,-0.003061637851379801,-0.005778776880700059
2018-11-02,-0.003009859441923852,-0.01010931554714832
2018-11-05,-0.004454457028387666,-0.008764918884867686
2018-11-06,-0.004878448807770937,-0.007956425515314603
2018-11-07,-0.007395705241894747,-0.011858268216873316
2018-11-08,-0.010263345865062626,-0.015440679647420016
2018-11-09,-0.011469866722724872,-0.018047342996718736
2018-11-12,-0.012825481816468174,-0.021075219078144324
2018-11-13,-0.0110662676825411,-0.01817701468609405
2018-11-14,-0.009660057441280557,-0.01967671745104553
2018-11-15,-0.014035105912118642,-0.021377479814519575
2018-11-16,-0.012747494278567827,-0.016988139428638954
2018-11-19,-0.012032455994024152,-0.015923124450035728
2018-11-20,-0.011702433527972716,-0.015589300873054523
2018-11-21,-0.011246671707921672,-0.01639619824468776
2018-11-22,-0.009660019033945363,-0.012625608692059118
2018-11-23,-0.011196854453179639,-0.015116781777647002
2018-11-26,-0.0127851687705561,-0.015810132659613146
2018-11-27,-0.014373316946299845,-0.01659402316482562
2018-11-28,-0.014712288350725907,-0.0140327701860877
2018-11-29,-0.014829485323401198,-0.011775161414122153
2018-11-30,-0.014055007350772973,-0.01135112024529699
2018-12-03,-0.01248817984536318,-0.011390440951164524
2018-12-04,-0.01206453455692414,-0.011075191114814965
2018-12-05,-0.0113884430963785,-0.010155770935185621
2018-12-06,-0.010884798130648658,-0.009569250294657071
2018-12-07,-0.0113657643332019,-0.007095975843859504
2018-12-10,-0.011818725533151761,-0.006554394201723348
2018-12-11,-0.013249601271557493,-0.006587476157725244
2018-12-12,-0.014557599225750659,-0.0067149779633949875
2018-12-13,-0.012080174467676643,-0.0041785560965021794
2018-12-14,-0.012780563492215392,-0.006049298237187015
2018-12-17,-0.01189000380223139,-0.005887841863680118
2018-12-18,-0.010504675444845284,-0.004132186077040856
2018-12-19,-0.010045848383267064,-0.005083457455572153
2018-12-20,-0.01014179821263704,-0.007497427143467187
2018-12-21,-0.0058573913351717,-0.004633879646990309
2018-12-24,-0.0022935833763701044,-0.0008206597183462436
2018-12-25,-0.0018900375865420088,0.0007325957193648656
2018-12-26,-0.002817482010231388,-0.00045995356320787176
2018-12-27,-0.004322349883922771,-0.00022371868096227173
2018-12-28,-0.007520927078250372,-0.0010442908686357204
2019-01-02,-0.009101492742406849,-0.0020616467856739503
2019-01-03,-0.010452518898638557,-0.004722685650521693
2019-01-04,-0.012339625130369142,-0.007594526111703709
2019-01-07,-0.013146004958003683,-0.008702001517698031
2019-01-08,-0.01275018176809823,-0.009445196900997245
2019-01-09,-0.012116945636386519,-0.0073287093791302525
2019-01-10,-0.011315461984298452,-0.00749586547633691
2019-01-11,-0.012731389153797654,-0.007262142139272194
2019-01-14,-0.013809089223623288,-0.009390295890011809
2019-01-15,-0.011650550223008666,-0.006836884574056045
2019-01-16,-0.012139323236340956,-0.006691200692108101
2019-01-17,-0.010500951013550879,-0.006533227735053963
2019-01-18,-0.009220980378393289,-0.00452488841316174
2019-01-21,-0.009294508394717656,-0.003658996277867012
2019-01-22,-0.011658686931775877,-0.004395926864700852
2019-01-23,-0.013574347923341092,-0.005888808026121859
2019-01-24,-0.01276611997738686,-0.004668492652656765
2019-01-25,-0.011453321822162459,-0.0034888746302454638
2019-01-28,-0.008451052178552191,-0.00021485533330199073
2019-01-29,-0.004749988348560989,0.004022417057142933
2019-01-30,-0.0003001430758946509,0.010185606963080482
2019-01-31,-0.0020708418323130435,0.00753296499220845
2019-02-01,-0.002700079247425293,0.005255975481881647
2019-02-11,-0.005359226829224517,0.0011570760500818446
2019-02-12,-0.005745997293601656,1.7970847961531903e-05
2019-02-13,-0.004946397427675274,-0.0011897592756452394
2019-02-14,-0.004647232272416349,-0.0021149995266519853
2019-02-15,-0.0028007828161459,-0.004149432049102196
2019-02-18,-0.0012377839956071734,-0.004830256464341772
2019-02-19,-0.0026974020838700817,-0.006077429513965661
2019-02-20,-0.0031741800453068338,-0.006752309289809983
2019-02-21,-0.005223871702384364,-0.009297423563592096
2019-02-22,-0.005007111016563315,-0.010669203875512418
2019-02-25,-0.005823536064116841,-0.013377869850963836
2019-02-26,-0.006186070720655948,-0.01588253423415907
2019-02-27,-0.007016369801821111,-0.017384236102188706
2019-02-28,-0.010078250176015092,-0.01990224756499765
2019-03-01,-0.012186006302137222,-0.023453045225139836
2019-03-04,-0.01645646867549086,-0.029246418007676533
2019-03-05,-0.01724282220091892,-0.031727684288344826
2019-03-06,-0.019797221784983936,-0.03764847019178381
2019-03-07,-0.01845761618459264,-0.03289832352589397
2019-03-08,-0.0148256225339946,-0.02839710986418268
2019-03-11,-0.011951377388915349,-0.024648369003198556
2019-03-12,-0.011243292195659567,-0.02381851127108369
2019-03-13,-0.009339145353160386,-0.021286800851246457
2019-03-14,-0.00881208570929661,-0.01980651071826122
2019-03-15,-0.009058587645285686,-0.017554289498780087
2019-03-18,-0.012318552059275664,-0.017474603685737593
2019-03-19,-0.011952135341829755,-0.017352837743111284
2019-03-20,-0.01193073678506603,-0.017461886815911837
2019-03-21,-0.011060581511658757,-0.015255686824950786
2019-03-22,-0.011358862404527563,-0.013111967803991566
2019-03-25,-0.01115103913408987,-0.011618559323502982
2019-03-26,-0.009904235171182862,-0.008811197566512913
2019-03-27,-0.008124756622037986,-0.006870005366361639
2019-03-28,-0.00709618038750664,-0.007329169128753324
2019-03-29,-0.007364447013724639,-0.007107596933821824
2019-04-01,-0.00656306547867429,-0.005509666580143619
2019-04-02,-0.007640006346817121,-0.006411473725202106
2019-04-03,-0.009076681978431847,-0.006304124030876852
2019-04-04,-0.0065820932450041305,-0.005657859243081255
2019-04-08,-0.008064636006154511,-0.006072483493743503
2019-04-09,-0.007625766377427897,-0.005214583159142359
2019-04-10,-0.008678171161128952,-0.005562893777145702
2019-04-11,-0.011289633955153042,-0.0071891329243299685
2019-04-12,-0.012788298090335043,-0.00807407629486981
2019-04-15,-0.014685196038311156,-0.010437090772025221
2019-04-16,-0.012776325096365695,-0.009522040125007288
2019-04-17,-0.013759462587181016,-0.009760030399141674
2019-04-18,-0.012916174713417725,-0.009783024176893217
2019-04-19,-0.012982759690751144,-0.010368125194692837
2019-04-22,-0.014511974089937367,-0.012187320231779432
2019-04-23,-0.01494741385095627,-0.012866541923471402
2019-04-24,-0.013495357199245682,-0.01172481668536167
2019-04-25,-0.013625802282475289,-0.011531717229274345
2019-04-26,-0.008013823145799235,-0.005084377494680059
2019-04-29,-0.0071060532475019905,-0.004396050879782481
2019-04-30,-0.00331833350757258,-0.0012029228493466988
2019-05-06,-0.0015650001543099507,0.0005583150236741084
2019-05-07,-0.0011746310672282813,0.00033012226684303375
2019-05-08,-0.003468565717821835,-0.0016599356321190814
2019-05-09,-0.0021226254449485467,-0.0007395781201047689
2019-05-10,-0.0012184107986823144,0.001203914744070232
2019-05-13,-0.0009483052478689623,0.001996566873541561
2019-05-14,-0.0013413143778776052,0.0015993594583451941
2019-05-15,-0.0014123988559745187,0.001522005672415456
2019-05-16,-0.0007387276884520714,0.004502038800563775
2019-05-17,-0.00125465007928158,0.003965394453808805
2019-05-20,-0.0020918852964746893,0.0026370452625833728
2019-05-21,-0.001302473692799828,0.004173414897592569
2019-05-22,-0.0012624179477314051,0.005489678281216277
2019-05-23,-0.0010489158015852078,0.006215013968585913
2019-05-24,-0.001494439776950162,0.00473335509474496
2019-05-27,-0.00437152336411596,0.0017127513884653651
2019-05-28,-0.006657289736514483,-0.0009302665155249632
2019-05-29,-0.00922322942315392,-0.0038956651716344267
2019-05-30,-0.00799284663327863,-0.0026786701814227832
2019-05-31,-0.009613361299080551,-0.003391161562531766
2019-06-03,-0.010197656201291634,-0.0028280423245818725
2019-06-04,-0.009135508705652863,-0.0016061562690292833
2019-06-05,-0.006472525087976205,0.0026045521951819158
2019-06-06,-0.008250480883477766,0.00046607545648665743
2019-06-10,-0.012490862264380141,-0.006384498122731811
2019-06-11,-0.013197641373434682,-0.006627649155809402
2019-06-12,-0.013077072164204593,-0.008726964186859427
2019-06-13,-0.013147759694762914,-0.0067269506765692145
2019-06-14,-0.013094441093337818,-0.008092837756357076
2019-06-17,-0.011915870570523259,-0.0065389930370921626
2019-06-18,-0.012115853060572716,-0.006862607837245596
2019-06-19,-0.01188938354757171,-0.007675759759891298
2019-06-20,-0.013574844942211969,-0.012127671291056092
2019-06-21,-0.012836609132696346,-0.011283941887628986
2019-06-24,-0.012569554294585535,-0.008977801741917023
2019-06-25,-0.011697327958820693,-0.007990208183859681
2019-06-26,-0.010330815100514779,-0.006895726323064568
2019-06-27,-0.010543625347384232,-0.006325480298715901
2019-06-28,-0.011819024298783842,-0.009315805169493572
2019-07-01,-0.011568667046043176,-0.010330578726884431
2019-07-02,-0.011942261542436342,-0.010143474277064645
2019-07-03,-0.012418231864875359,-0.009853362503590214
2019-07-04,-0.014483445565882167,-0.012536222002429466
2019-07-05,-0.011414590859261902,-0.007461646739411389
2019-07-08,-0.009090043555391765,-0.0035837934854740273
2019-07-09,-0.008647659188821238,-0.0029571480758141286
2019-07-10,-0.008039312977006791,-9.912843152529572e-05
2019-07-11,-0.00801748311717861,-0.0015183584173386892
2019-07-12,-0.008159553428845154,-0.0018290343870122608
2019-07-15,-0.008219476619917458,-0.0030732461215398216
2019-07-16,-0.008090200472148604,-0.0031261868439706082
2019-07-17,-0.009321506827710796,-0.0017672600691553627
2019-07-18,-0.008187970036507045,0.0014194952162182909
2019-07-19,-0.008395152691747162,0.002892949863807189
2019-07-22,-0.009165484133342389,2.5391010497028852e-05
2019-07-23,-0.010435713845031367,-0.0026396444262785615
2019-07-24,-0.009830348224794106,-0.002008833147812699
2019-07-25,-0.010730298224366058,-0.00399998480381107
2019-07-26,-0.009500185979232375,-0.00027971304406964
2019-07-29,-0.010813640760902554,-0.0010230825395164444
2019-07-30,-0.009724509381269987,-0.0004631378538826329
2019-07-31,-0.009997365877453243,-0.0005824466241254354
2019-08-01,-0.009033614012337316,0.0005780602643383509
2019-08-02,-0.009919512114534427,-0.0021142151308856686
2019-08-05,-0.008996777740052942,0.0012729069329536263
2019-08-06,-0.009455016443842076,-0.00022653135948554125
2019-08-07,-0.009750702335002333,-0.0014956820592529011
2019-08-08,-0.008278829999771475,0.00026023628499748574
2019-08-09,-0.008406035407472779,-0.00021052211961711102
2019-08-12,-0.008527792059502878,0.0014258215195471669
2019-08-13,-0.007289137206487287,0.0037345851231269257
2019-08-14,-0.005010879003302599,0.003654950754887797
2019-08-15,-0.004821356581790091,0.004341010009162677
2019-08-16,-0.002320075279661592,0.002186921102215052
2019-08-19,-0.0005233867401152563,0.004193380980052109
2019-08-20,0.001189088391391425,0.007216088727613535
2019-08-21,0.0003207423013185046,0.005695374492852541
2019-08-22,-0.000234382668408701,0.005713680221328414
2019-08-23,-0.0003044505871567624,0.005529894993146829
2019-08-26,0.00044122474985607246,0.004654185271364681
2019-08-27,0.0006770620504798874,0.003375865468883132
2019-08-28,0.0008446264997942957,0.00353655871312137
2019-08-29,0.00014410065431304632,0.0033283900263531407
2019-08-30,-0.001531081681541797,0.0019869677933132077
2019-09-02,-0.0017893145722891533,-0.0009712151640063576
2019-09-03,2.0757160463319e-05,6.365985651196008e-06
2019-09-04,0.0002932699315954157,-0.001039610203690305
2019-09-05,-0.00026418031873445347,-0.0030904849837809873
2019-09-06,0.0020814584144116916,-0.0022505968441295984
2019-09-09,0.0027617364411041427,-0.003712658622231339
2019-09-10,0.0023097054505952417,-0.00528783867037972
2019-09-11,-0.00089281448245502,-0.007908859259621027
2019-09-12,-0.0017627780981624409,-0.009345174984550019
2019-09-16,-0.0034729920118326406,-0.007963700994138165
2019-09-17,-0.0020851712347647296,-0.005231932036158094
2019-09-18,-0.004189761253866433,-0.006373135313434443
2019-09-19,-0.0041315708097493685,-0.005190582915999833
2019-09-20,-0.004296589226148756,-0.005076036816549864
2019-09-23,-0.004615897063082117,-0.005550624546338555
2019-09-24,-0.00501092666762518,-0.0031009092289816585
2019-09-25,-0.005032294865968302,-0.0017432173643456988
2019-09-26,-0.006530233545580683,-0.0032667913502205164
2019-09-27,-0.004078990626410632,-0.0021341949697933887
2019-09-30,-0.0018964292802239803,-0.00036197711159790787
2019-10-08,-0.0049911665580283536,-0.0028642594572176406
2019-10-09,-0.0078019326452569565,-0.0033324948395538614
2019-10-10,-0.006762431176347967,-0.0004598119052243489
2019-10-11,-0.006840356702892018,-0.00015454568115664006
2019-10-14,-0.007909538850825631,0.0010659284202618237
2019-10-15,-0.009054542519377241,0.0020519107593421444
2019-10-16,-0.008655453300221305,0.0031198346022357232
2019-10-17,-0.006481722698754385,0.005213980880368757
2019-10-18,-0.005799230705921848,0.005616772919752952
2019-10-21,-0.00808822920169865,0.0032162760261646014
2019-10-22,-0.009812508360497992,0.0012970555083505367
2019-10-23,-0.007974714851839135,0.002698420248271318
2019-10-24,-0.008403274920089398,0.002140069815217626
2019-10-25,-0.0072113825445886005,0.0011127578546985743
2019-10-28,-0.007761387858321694,0.0013333372638301066
2019-10-29,-0.005838029077010881,0.0036740308520838787
2019-10-30,-0.004293505466193917,0.005768812428263779
2019-10-31,-0.0032622982322041277,0.006367850363795151
2019-11-01,-0.0037805410190048846,0.0065541196466867326
2019-11-04,-0.005076067593547187,0.005945488319103331
2019-11-05,-0.0005861206466460685,0.010681364918498755
2019-11-06,0.000718585489204092,0.011024440068857557
2019-11-07,-0.0008010666867373033,0.009465620102068823
2019-11-08,0.00013744517089309453,0.011795646163698475
2019-11-11,0.00012227410661229507,0.010556025525365475
2019-11-12,0.0014559335604961924,0.011899644588906143
2019-11-13,0.0003487685326032287,0.010737380347231994
2019-11-14,0.0003974629408208865,0.011005482717266243
2019-11-15,0.0006335447877227356,0.011030429240798756
2019-11-18,0.0009764889515560976,0.008735480810566434
2019-11-19,0.0012766811111749377,0.008537513865734368
2019-11-20,0.0017780588564083933,0.008061520446245956
2019-11-21,0.0037754185762869054,0.009650490050762182
2019-11-22,0.00467983254768731,0.011884494099316117
2019-11-25,0.0038568002594005623,0.010064001547474865
2019-11-26,0.00018522793526358928,0.005542147184068877
2019-11-27,-0.0017860414651792843,0.0028573961736073944
2019-11-28,-0.0014291749792831872,0.0033124648303681833
2019-11-29,-0.002543840943592506,0.001156723337762619
2019-12-02,-0.0029180285971872775,-0.0006653544555147476
2019-12-03,-0.004940272947880455,-0.0036224467436400884
2019-12-04,-0.003457502301835968,-0.002914950964381249
2019-12-05,-0.0023714908351419794,-0.0027487278820718256
2019-12-06,-0.002704426766093792,-0.00469605604950399
2019-12-09,-0.0035236136433098014,-0.005637690607551429
2019-12-10,-0.004102724877003008,-0.006691505739323252
2019-12-11,-0.003316030592137853,-0.005726789865577297
2019-12-12,-0.003910081246030036,-0.005874595944308975
2019-12-13,-0.004050695443311256,-0.0069679173696153875
2019-12-16,-0.003149321922197382,-0.006218714114493627
2019-12-17,-0.0036679289446458077,-0.007620009097915872
2019-12-18,-0.0038026273802299537,-0.008482714018633531
2019-12-19,-0.005785057773148628,-0.008678786856464555
2019-12-20,-0.006814327413575967,-0.007773963887435434
2019-12-23,-0.00666369338715726,-0.008478116012859336
2019-12-24,-0.007340619428961342,-0.01004077418971443
2019-12-25,-0.008841261238628152,-0.011618182227408909
2019-12-26,-0.008158917310579288,-0.010748974600830177
2019-12-27,-0.008059903469788583,-0.009653712712819073
2019-12-30,-0.0073201481165434505,-0.007950148485862979
2019-12-31,-0.008645117127365116,-0.009378645440418033
2020-01-02,-0.009409935316051719,-0.010553130679137327
2020-01-03,-0.01032303667176512,-0.01133047595231439
2020-01-06,-0.010141943243080702,-0.011490199582618262
2020-01-07,-0.010147929267364185,-0.010398299889339782
2020-01-08,-0.009439061052419848,-0.01071448061364718
2020-01-09,-0.008090371374491655,-0.009721148282217953
2020-01-10,-0.008787578207706894,-0.010450565620821807
2020-01-13,-0.009080471796989054,-0.008815268190248247
2020-01-14,-0.008517652326241576,-0.006618520393984371
2020-01-15,-0.008843254299136578,-0.005315097506975834
2020-01-16,-0.008948870662021255,-0.00355180616772505
2020-01-17,-0.00830798007780588,-0.00408137216724731
2020-01-20,-0.0077410241231683575,-0.005839638419730146
2020-01-21,-0.006772036471045152,-0.0034520473429732273
2020-01-22,-0.0033642034719131944,0.0004921010348435443
2020-01-23,-0.0026485425234783486,0.0009953713335597884
2020-02-03,-0.003921993325775254,0.00171368230775452
2020-02-04,-0.005478554478882238,-0.0022162831294127825
2020-02-05,-0.007156669982543861,-0.004515551611142987
2020-02-06,-0.008363136988889663,-0.005068317758399975
2020-02-07,-0.010232768343891536,-0.005900777609404811
2020-02-10,-0.009653578386309286,-0.004456827375121015
2020-02-11,-0.009951741273832991,-0.004851459191993745
2020-02-12,-0.0069638455565591145,-0.003372839012874026
2020-02-13,-0.005590771453043176,-0.0017271090694450637
2020-02-14,-0.006390862426484276,-0.0039646847186155946
2020-02-17,-0.005768454082099805,-0.005563329964169781
2020-02-18,-0.003393265405432217,-0.004618850515049869
2020-02-19,-0.0030549211163635064,-0.005405041462893898
2020-02-20,-0.0032132663909194615,-0.006378089764768295
2020-02-21,-0.005149196900976906,-0.008902999846009368
2020-02-24,-0.006629100285108505,-0.01033198119344657
2020-02-25,-0.005658329333713658,-0.009150534186231603
2020-02-26,-0.005904295499333855,-0.009242127080004018
2020-02-27,-0.003962729268650777,-0.0073040624074036985
2020-02-28,-0.006394639060449943,-0.009759354805979649
2020-03-02,-0.007443180392772096,-0.01275872894771497
2020-03-03,-0.0025677187429114165,-0.0075724267947606125
2020-03-04,7.96564362880183e-05,-0.005125388247196407
2020-03-05,0.0034672829018104604,-0.0017064610838245014
2020-03-06,0.007242185002127547,0.0010835506914523424
2020-03-09,0.004392880829024347,-0.0010912547178473257
2020-03-10,0.0062386232016175165,0.0009644869241138194
2020-03-11,0.004506681157332942,0.0003586006419734667
2020-03-12,0.004000116720567508,0.0008273323781710041
2020-03-13,0.0053979714572649756,0.00490658785060196
2020-03-16,0.005633966053758341,0.0075286314439073415
2020-03-17,0.005684473430177912,0.008691199371616278
2020-03-18,0.003909609749758141,0.007642160241446365
2020-03-19,0.0047710136488932665,0.009398981153974174
2020-03-20,0.00942565238114762,0.01504406196943292
2020-03-23,0.012401432548428622,0.01639107227140321
2020-03-24,0.00966932505310272,0.012373281879801783
2020-03-25,0.011083503605164746,0.012783620749918696
2020-03-26,0.010299807377538859,0.012132521832623266
2020-03-27,0.017247207601918037,0.019122421748184078
2020-03-30,0.02184528038393027,0.0237157955243623
2020-03-31,0.015592885180747836,0.018060933207751994
2020-04-01,0.009559887035158737,0.011805987150722716
2020-04-02,0.009742129699335921,0.012855999016539084
2020-04-03,0.006199463126403668,0.008790942830548383
2020-04-07,0.009100955729033472,0.01041257666643881
2020-04-08,0.006081188696256326,0.008243244773263977
2020-04-09,0.004347726740510111,0.008117513742996504
2020-04-10,0.0036274216842636054,0.008442361566476042
2020-04-13,-0.0009026914126424451,0.0015657587834059742
2020-04-14,0.00027026226511460286,0.0014809598571834468
2020-04-15,-0.0019108415422450717,-0.0014425151565909448
2020-04-16,0.0006440195853542685,0.0014810311556076278
2020-04-17,0.0007980431146401672,0.000806532577152584
2020-04-20,-0.0015302811894922306,-0.001713572244651504
2020-04-21,-0.003511658207733236,-0.0020164649141865866
2020-04-22,-0.0036164577151478754,0.0012536759034612586
2020-04-23,-0.0033686922738200794,0.0032104788695750484
2020-04-24,-0.004765506869271048,0.0028140179682663064
2020-04-27,-0.006826795950530009,0.0011182047666009414
2020-04-28,-0.0072801171491477185,0.00017947567038197098
2020-04-29,-0.005698058169241115,-0.0004636023566836337
2020-04-30,-0.0021321029646895334,0.002892245959892397
2020-05-06,-0.00263463007109575,0.002982916301176131
2020-05-07,-0.0014430498019611614,0.003932425245622887
2020-05-08,-0.0004703174921021412,0.0049107559134366485
2020-05-11,0.000552992390307435,0.0069839364086777805
2020-05-12,0.002009318563143218,0.007214896180949632
2020-05-13,0.00035110354055265316,0.00431592459622432
2020-05-14,0.0035452398424755107,0.008505872579140704
2020-05-15,0.0020419845360383393,0.010071093799399898
2020-05-18,0.0015755153478140356,0.009680269111785114
2020-05-19,0.00023407400791896336,0.008174870001234843
2020-05-20,0.0012474837951722492,0.011124881401211307
2020-05-21,0.0009187036546521538,0.010830714391673655
2020-05-22,0.0032902318794240707,0.014323940439194226
2020-05-25,0.0018818534242648235,0.009193608903906678
2020-05-26,0.0014173763356731379,0.007326865634525469
2020-05-27,0.0007235088246193148,0.005997076354292896
2020-05-28,-0.0019805725525040203,0.003298106568483159
2020-05-29,-0.004955007872918972,-0.0015409480573991947
2020-06-01,-0.00282507137748812,0.002236021038154795
2020-06-02,-0.0025167350290521712,0.004111276918295735
2020-06-03,-0.002284484347951898,0.00343019203056409
2020-06-04,-0.003101307322398751,0.004199919173532967
2020-06-05,-0.004030975432157449,0.003744284529301931
2020-06-08,-0.0053780440707691946,0.0016764235776782252
2020-06-09,-0.006379028537779139,0.001506644410360399
2020-06-10,-0.006230499806090417,0.0013607784217147456
2020-06-11,-0.006103509897729725,0.0022827373856649743
2020-06-12,-0.005069464579061038,0.00024383970597510632
2020-06-15,-0.005425839459040752,0.0011106066885661664
2020-06-16,-0.004797053654178751,0.001710046893001528
2020-06-17,-0.005701692775291766,-0.000769183978210249
2020-06-18,-0.007291161508259645,-0.0018619457094493142
2020-06-19,-0.00851422326623278,-0.005547996296783109
2020-06-22,-0.008153979784695021,-0.0020192285770439036
2020-06-23,-0.0075308803733264585,-0.0015027545224584437
2020-06-24,-0.008133416416644505,-0.0021437256976839137
2020-06-29,-0.008033878202567178,-0.0021490956848932833
2020-06-30,-0.007519771479470734,0.0005283404544641685
2020-07-01,-0.008451775392498114,3.881292509886952e-05
2020-07-02,-0.008520295120122675,-0.0012149240711507724
2020-07-03,-0.006561377575606599,-0.0019215328302940888
2020-07-06,-0.005324338066622093,-0.0007053916928412649
2020-07-07,-0.005198926462720048,-0.0014263799301185492
2020-07-08,-0.004003332939865416,-0.00198913689930313
2020-07-09,-0.004275470067903653,-0.003267989461537792
2020-07-10,-0.0021838177946488487,-0.0016509830197106489
2020-07-13,-0.0032986406980910687,-0.002973010247409757
2020-07-14,-0.005724893644505565,-0.004153119869328549
2020-07-15,-0.0052765428789640755,-0.0041371773221705885
2020-07-16,-0.005607421750747381,-0.0035982049017084313
2020-07-17,-0.007330043363095478,-0.00461819231737261
2020-07-20,-0.006478813669693084,-0.004783950981682211
2020-07-21,-0.008954480455164525,-0.005520386642627874
2020-07-22,-0.006338639473367118,-0.004091144808160948
2020-07-23,-0.008867782207601663,-0.006794229154564169
2020-07-24,-0.00853499131449665,-0.007060872286886965
2020-07-27,-0.007889254823144435,-0.007104767450655146
2020-07-28,-0.010333227455167758,-0.008722642776541636
2020-07-29,-0.010136375348100664,-0.006980791025006294
2020-07-30,-0.010166238865512628,-0.005923287686429692
2020-07-31,-0.01153013108666474,-0.005727417639328759
2020-08-03,-0.011161088457070669,-0.005407713279729914
2020-08-04,-0.012597800891348484,-0.00553530635054048
2020-08-05,-0.012921716944820711,-0.0049519569264187165
2020-08-06,-0.01332361125230212,-0.005411825610274727
2020-08-07,-0.014202613431806283,-0.0062762997739004706
2020-08-10,-0.011777528654908696,-0.004656103295995735
2020-08-11,-0.008896111876822689,-0.003464725131642864
2020-08-12,-0.006871564190498596,-0.0021789870319947335
2020-08-13,-0.009606387378610748,-0.004632866385620857
2020-08-14,-0.009981792696280101,-0.005505602382878296
2020-08-17,-0.010091862029458665,-0.005692725293129488
2020-08-18,-0.008661489243631705,-0.005073866202352229
2020-08-19,-0.008279820385058622,-0.005915527256104765
2020-08-20,-0.007182373308842182,-0.004547601156233249
2020-08-21,-0.007212446670900518,-0.004837026956243801
2020-08-24,-0.006233400543721429,-0.004605089309540797
2020-08-25,-0.0032171621160648786,-0.0020763493853649404
2020-08-26,-0.0035399580179528993,-0.0034040055800373934
2020-08-27,-0.0036728055338050253,-0.0028118572696828126
2020-08-28,-0.004510497998431274,-0.002392024170386588
2020-08-31,-0.00384308006443878,-0.0014950888064458258
2020-09-01,-0.002340582024420332,-0.0004963305134562505
2020-09-02,-0.00336490937559635,-0.0010808180823249774
2020-09-03,-0.0020904686319393913,-0.0009014611165027969
2020-09-04,-0.001082704408026977,8.307513119313963e-05
2020-09-07,-0.002186267945536219,-0.0006784884344404796
2020-09-08,-0.0012516100850672655,0.0008998468696117677
2020-09-09,-0.0029226616609276342,-0.00018312437727057915
2020-09-10,-0.0032470863625067674,-0.0010118837219699208
2020-09-11,-0.0044714576845835295,-0.0019774532831253414
2020-09-14,-0.003593817256696935,-0.0024503561812419263
2020-09-15,-0.0020471615970192193,-0.00028384419261176996
2020-09-16,-0.004227031772959127,-0.0019932859941041866
2020-09-17,-0.004945390073412436,-0.0035983226729821407
2020-09-18,-0.004155171317153831,-0.0035916078895688076
2020-09-21,-0.004618917503811567,-0.003420644236370646
2020-09-22,-0.005589635683375812,-0.005186079778613881
2020-09-23,-0.005803900513028434,-0.00554638481715351
2020-09-24,-0.004916828176698429,-0.004944878257807721
2020-09-25,-0.004783230677379733,-0.0049773422595203514
2020-09-28,-0.007428619139448944,-0.008282271055035366
2020-09-29,-0.0068821776816206355,-0.007403832309623122
2020-09-30,-0.008321563982780757,-0.009646984223536739
2020-10-09,-0.008024268912922284,-0.010713136665681402
2020-10-12,-0.00933042216009463,-0.011332185398112468
2020-10-13,-0.010692323861954324,-0.010801212168767576
2020-10-14,-0.01377839717326514,-0.012507878511252344
2020-10-15,-0.01353313252610032,-0.01198584102218868
2020-10-16,-0.010675592733468126,-0.009331250576307001
2020-10-19,-0.008576670692155123,-0.007592082583594956
2020-10-20,-0.007863014490865586,-0.005740753073766166
2020-10-21,-0.008237175969165145,-0.00641296957384598
2020-10-22,-0.006266206927245634,-0.0032596496042524687
2020-10-23,-0.006272856993728904,-0.0018299998096834795
2020-10-26,-0.007880199481703792,-0.0026404504205799397
2020-10-27,-0.008137217726107463,-0.0016562053329902868
2020-10-28,-0.006737244806574727,0.0006044308484119618
2020-10-29,-0.005174053434739366,0.0037210234864708995
2020-10-30,-0.0030383617923211616,0.006469133533856382
2020-11-02,-0.005698385586936086,0.0018886320426587558
2020-11-03,-0.0027709932370186484,0.005777194704833469
2020-11-04,-0.005275868856522784,0.0025687758228683725
2020-11-05,-0.0015376647497564433,0.007289919275781588
2020-11-06,-0.0023012586151393106,0.006395939275627204
2020-11-09,-0.002556179253738924,0.0057873765768829254
2020-11-10,-0.0011120006155842695,0.006138368104598774
2020-11-11,-0.0007255576896504283,0.0061717231747710315
2020-11-12,-0.002023629867721252,0.005019093606224934
2020-11-13,-0.0009278637730799257,0.005987754791500068
2020-11-16,0.0006667056621468366,0.00793478067864136
2020-11-17,-9.482971921266625e-05,0.0065621871228674295
2020-11-18,-0.0003949876095419311,0.005262501015947799
2020-11-19,-0.002661934023369358,0.0030637544850431525
2020-11-20,-0.0028400630737961093,0.0025175457133830032
2020-11-23,-0.0018817594241107025,0.003545170313541173
2020-11-24,-0.002316300877358214,0.0025240598585414527
2020-11-25,-0.0034674517693182774,0.0009843605588690813
2020-11-26,-0.005669165120188975,-0.0022912246141409106
2020-11-27,-0.007964322586896312,-0.0061755514295895155
2020-11-30,-0.006493449069538276,-0.004246656626549339
2020-12-01,-0.007306865158596352,-0.0060134143291343915
2020-12-02,-0.005122198757032318,-0.004729531716558808
2020-12-03,-0.007301511855395896,-0.006933874446000369
2020-12-04,-0.006456178147621586,-0.003865526768604992
2020-12-07,-0.0068762957634418195,-0.003818297418048075
2020-12-08,-0.008109310072807319,-0.00458701575795632
2020-12-09,-0.007157105156933631,-0.004210975508330907
2020-12-10,-0.005022557486926103,-0.0018699379180765702
2020-12-11,-0.005989977047617925,-0.003606498106345329
2020-12-14,-0.007133844294276367,-0.005168204143059135
2020-12-15,-0.0070490185315351525,-0.003347750027119361
2020-12-16,-0.008373025238083961,-0.004449298649635195
2020-12-17,-0.007711667503906423,-0.003094834802818183
2020-12-18,-0.006349390388399371,-0.0023738525450772755
2020-12-21,-0.006559678837509169,-0.002151110718744767
2020-12-22,-0.006456369447880375,-0.0019784711863707624
2020-12-23,-0.005373754643953788,0.00028474610264398164
2020-12-24,-0.005146743349258218,0.0010403759910727183
2020-12-25,-0.004642294047785128,0.003262911971067221
2020-12-28,-0.005384163378425185,0.0024311845131432855
2020-12-29,-0.00609450515701549,0.00343414187042308
2020-12-30,-0.0067032696522451585,0.0027959592960470846
2020-12-31,-0.005480852992355546,0.003596672447831199
2021-01-04,-0.005409210035185983,0.0037528425373504833
2021-01-05,-0.006550042499936383,0.004332844710001185
2021-01-06,-0.006758524241411356,0.005201879049652233
2021-01-07,-0.007361261941540935,0.003370255363281472
2021-01-08,-0.006570327891602598,0.003626752698561823
2021-01-11,-0.0072435706858109995,0.004893809938219867
2021-01-12,-0.005496371023813477,0.007339130439439389
2021-01-13,-0.0063957880475329736,0.00409727274039077
2021-01-14,-0.005163879640816549,0.0036744927261545338
2021-01-15,-0.0040444114476487665,0.0022047833001110403
2021-01-18,-0.002541275870619273,0.0008652206567180313
2021-01-19,-0.0027697852636747273,0.0017833270257348122
2021-01-20,-0.0032222490428610575,0.001584784003128869
2021-01-21,-0.0038832766740292137,0.000674562342336722
2021-01-22,-0.003834771862078681,0.0020214526652611977
2021-01-25,-0.004486517279429886,0.0003079347471167976
2021-01-26,-0.0028144913163137874,0.0034008636136063836
2021-01-27,-0.0031885184295461413,0.0013308077702764314
2021-01-28,-0.002206788927204132,0.0052326620888830545
2021-01-29,-0.002188167184731048,0.0060223158120804995
2021-02-01,-0.00453691946506918,0.004419552498329562
2021-02-02,-0.003137656159357186,0.005265832765159851
2021-02-03,-0.0020777432023295966,0.004457135060241061
2021-02-04,-0.0033012254339729995,0.004925986008541465
2021-02-05,-0.0062679394119792885,0.0037012868828258274
2021-02-08,-0.007765311576998115,0.0009411381364639443
2021-02-09,-0.009008171214837895,-0.0010735444391788331
2021-02-10,-0.009530877228623311,-0.0029831879769212965
2021-02-18,-0.00872909099556665,-0.003740383053258927
2021-02-19,-0.008408225140195916,-0.004618097438023714
2021-02-22,-0.012359176458454756,-0.0034783170803821973
2021-02-23,-0.009800856385946102,-0.00538837908386983
2021-02-24,-0.01179727388780244,-0.006064346589047646
2021-02-25,-0.009578402099322007,-0.006404199986249932
2021-02-26,-0.010158371381502891,-0.009495425650640363
2021-03-01,-0.008705411982315269,-0.00759093766414312
2021-03-02,-0.010843553503517745,-0.009512719354367247
2021-03-03,-0.010538928442124723,-0.00920196829855685
2021-03-04,-0.008427465036307988,-0.010852302650793344
2021-03-05,-0.008222998074454233,-0.01103866397883679
2021-03-08,-0.006185000866838867,-0.008566077104485668
2021-03-09,-0.007419264256900134,-0.009957696156459774
2021-03-10,-0.011342770645364611,-0.014821933723896563
2021-03-11,-0.010899339365836907,-0.013397531776624717
2021-03-12,-0.009406535955135908,-0.012773821709426135
2021-03-15,-0.008337749397355826,-0.01161782332776266
2021-03-16,-0.007739594307133706,-0.011960469283938385
2021-03-17,-0.007353759439254875,-0.007907605358920176
2021-03-18,-0.008042209834528398,-0.00492691537467913
2021-03-19,-0.009418432442449923,-0.0034961916065821
2021-03-22,-0.006071696292636785,-0.0023629571927000406
2021-03-23,-0.007914312283284488,-0.0013813574452023266
2021-03-24,-0.005189786371885363,-0.0009877831389284637
2021-03-25,-0.008793485310639199,-0.003492413067133287
2021-03-26,-0.008782842407102164,-0.002192180117088754
2021-03-29,-0.008583608859052376,-0.0032627932434071845
2021-03-30,-0.007443817726204564,-0.0009153936776715957
2021-03-31,-0.005894153773300416,0.0003180979372822072
2021-04-01,-0.008464764223788949,-0.0014408689558021374
2021-04-02,-0.008816905620632805,-0.002238496083064187
2021-04-06,-0.009163383758760486,-0.003641089778359391
2021-04-07,-0.007712319427716649,-0.0035976553844038494
2021-04-08,-0.004368790097435461,0.0013514933940720589
2021-04-09,-0.005171019108378374,0.0007378292323874578
2021-04-12,-0.004511723553209397,-0.0008127733016974198
2021-04-13,-0.004165083075265529,-0.00034931660176592454
2021-04-14,-0.00413272819024646,0.0007124637675450284
2021-04-15,-0.0029932958396890683,0.0009486012700508743
2021-04-16,-0.002393101758877701,-0.0006443759027182732
2021-04-19,-0.0019993380909797244,-0.0008196125906931371
2021-04-20,-0.0032554028709784223,-0.001646009074494541
2021-04-21,-0.0032864273107945717,-0.0014680642478836358
2021-04-22,-0.0029667881376639555,-0.001689122668133218
2021-04-23,-0.0020389218842378227,-0.00044370196180138757
2021-04-26,-0.0005338756646836062,0.0008072563412212621
2021-04-27,-0.0020254647672477187,0.0004192945717989367
2021-04-28,-0.0014559346299949402,-0.0007807715454659298
2021-04-29,-0.0019383757055490784,0.0006292446556775176
2021-04-30,-0.0012264769186310434,0.002586763388389866
2021-05-06,-0.000993629622796448,0.0028310198912997347
2021-05-07,-6.670381968104763e-05,0.0036006962479292093
2021-05-10,-0.001480901653751485,0.0026564216194092344
2021-05-11,-0.0010873192734319084,0.002473040917014667
2021-05-12,-0.0002704774659181608,0.0021022017564722765
2021-05-13,-0.000540426288415747,0.0021836104465841315
2021-05-14,-0.001500312709530272,0.00039538459044728886
2021-05-17,-0.003881991193547022,-0.0012507389847869217
2021-05-18,-0.003292080760598198,-0.0015724667993785115
2021-05-19,-0.0028363159229755517,0.0007001539916087749
2021-05-20,-0.004419239961972036,-1.5908443045366694e-05
2021-05-21,-0.004460539292755209,-0.00013323135744195184
2021-05-24,-0.005783530850807403,-0.0016601690323281124
2021-05-25,-0.00706004833465711,-0.0026721578100652532
2021-05-26,-0.004686565874743701,-0.0015367130171571619
2021-05-27,-0.006700958741732691,-0.003168633688135448
2021-05-28,-0.0061306500487668435,-0.0028953193961149845
2021-05-31,-0.005104980135675693,-0.0023863749053057775
2021-06-01,-0.0061750354332506,-0.0048803231259382275
2021-06-02,-0.007931679672937982,-0.0061011017739398075
2021-06-03,-0.008303016606831259,-0.005650435248693785
2021-06-04,-0.00887500408896798,-0.006081485240868736
2021-06-07,-0.008080030047062045,-0.005703462874018163
2021-06-08,-0.0077061233985529914,-0.006442192685093112
2021-06-09,-0.006089169944437366,-0.005382728171272295
2021-06-10,-0.007502254361475219,-0.006706346706161388
2021-06-11,-0.006141372506708995,-0.0036883534366803907
2021-06-15,-0.005099675821161175,-0.003875490824907082
2021-06-16,-0.006803653226159662,-0.004394543834351352
2021-06-17,-0.008263950235820675,-0.004982721765021284
2021-06-18,-0.006570921456452201,-0.004178262163618116
2021-06-21,-0.006836279773573798,-0.004608499087645912
2021-06-22,-0.006809777568709632,-0.004407657081708278
2021-06-23,-0.005938821677382581,-0.003450723961711418
2021-06-24,-0.007810441777318564,-0.004483177680023949
2021-06-25,-0.007133546683016084,-0.0038844545576741693
2021-06-28,-0.0062923412312832026,-0.003231985664079625
2021-06-29,-0.008654218466050412,-0.003985634768237336
2021-06-30,-0.007342352598989728,-0.002999317367992061
2021-07-01,-0.0080119951309174,-0.0030898879585359615
2021-07-02,-0.008573782011516873,-0.0035507500322740637
2021-07-05,-0.008697946067567934,-0.004681334995635827
2021-07-06,-0.008217858407245527,-0.003687270392101713
2021-07-07,-0.009128804484646749,-0.0037265524492167993
2021-07-08,-0.009387000769923246,-0.004533697824753621
2021-07-09,-0.007617370294095963,-0.0015029798812035947
2021-07-12,-0.007367990305646983,-0.0025201788485008695
2021-07-13,-0.006448106631428139,-0.0013502435377883136
2021-07-14,-0.006658707173169152,-0.0018493729852038035
2021-07-15,-0.0076192012074649635,-0.00299623961898996
2021-07-16,-0.007835401705817147,-0.0029956010260491937
2021-07-19,-0.007773405276203673,-0.0025949343568137896
2021-07-20,-0.008146935047159017,-0.0020589896946348937
2021-07-21,-0.008658346412612246,-0.0013312458290900076
2021-07-22,-0.008886099095626264,-0.0005838426249602756
2021-07-23,-0.008425238464420797,0.00018943483242969423
2021-07-26,-0.009623818888261922,-0.00021094825907585525
2021-07-27,-0.007882991007678256,3.059260078029473e-05
2021-07-28,-0.012268183357109027,-0.0024337741742473263
2021-07-29,-0.012158511180947552,-0.0033660426870083552
2021-07-30,-0.012444605799872051,-0.004389686926935426
2021-08-02,-0.011110345496542768,-0.0029415080511522983
2021-08-03,-0.013142478204498913,-0.003228232662767411
2021-08-04,-0.012771010944374998,-0.0028416676237057927
2021-08-05,-0.014997624877764959,-0.0029759175429570368
2021-08-06,-0.015449678058046729,-0.005354045053274153
2021-08-09,-0.01532866673887936,-0.005243954448652467
2021-08-10,-0.014859802189167064,-0.004491047039366274
2021-08-11,-0.013868555887076953,-0.0031418109483867924
2021-08-12,-0.013455263825779606,-0.0024688987724546677
2021-08-13,-0.011471846829663741,-0.002114123618052481
2021-08-16,-0.010173505507064532,-0.0017851010649509718
2021-08-17,-0.008716127600695282,-0.0011812766026180407
2021-08-18,-0.009394705356421458,-0.00144421241177025
2021-08-19,-0.011022666228586593,-0.0017226169570951097
2021-08-20,-0.012020929566117288,-0.0026998006852964316
2021-08-23,-0.012798575398825252,-0.0034147339533711573
2021-08-24,-0.012278454039272217,-0.0024720788443206845
2021-08-25,-0.008445014801819965,0.0013429862129456208
2021-08-26,-0.007108849294874212,0.0035019336741708693
2021-08-27,-0.006354033725012262,0.0049139172518368876
2021-08-30,-0.0069831774148076935,0.005268116703309223
2021-08-31,-0.0034717503858812857,0.004771215911401843
2021-09-01,-0.005699289898376737,0.0038254035008095755
2021-09-02,-0.0024055463178129623,0.003997078379089913
2021-09-03,-0.0025609331005083872,0.004485426953809911
2021-09-06,-0.004951665938615902,0.003598084751395747
2021-09-07,-0.0039639034685375624,0.0034935580149870874
2021-09-08,-0.004674117719360211,0.0029150454822966226
2021-09-09,-0.004040277936427317,0.002815882474618962
2021-09-10,-0.007306771172356218,0.001668966899336538
2021-09-13,-0.008410728909504263,0.0009249430165850516
2021-09-14,-0.010890542742766282,5.8364426043032436e-05
2021-09-15,-0.010123020615807277,0.0003763300800684582
2021-09-16,-0.00863128733598303,9.529607189079966e-05
2021-09-17,-0.008810760738567652,0.0002513713774767391
2021-09-22,-0.008920395184727073,-0.0008575708809300257
2021-09-23,-0.006688345196497486,-0.0007228762973519288
2021-09-24,-0.002292322123799848,-0.0005695721760979864
2021-09-27,-0.004663707445480053,-0.002203020459440718
2021-09-28,-0.0009249174854873699,0.0005183992095018671
2021-09-29,-0.005724655570948901,-0.004727715888172036
2021-09-30,-0.007084939657408846,-0.004526218378268908
2021-10-08,-0.002690476520890643,-0.002789385683676587
2021-10-11,-0.0012513946054726836,-0.0011582519166781664
2021-10-12,-0.00036350926312836906,-0.0023820442158818795
2021-10-13,0.0009736953567298311,-0.0016351160084699438
2021-10-14,-9.37090244975524e-05,-0.0019975343738783857
2021-10-15,-0.002054177727478252,-0.003683501291571874
2021-10-18,-0.0018625832296235386,-0.0040284149056049635
2021-10-19,4.518184242271409e-05,-0.004035620717667533
2021-10-20,0.0004780544613795651,-0.002798628730757543
2021-10-21,0.003339293559881896,-0.0020429769863948544
2021-10-22,0.0030774130400485506,-0.0032598964238023955
2021-10-25,0.004180501893068306,-0.0027398460563615567
2021-10-26,0.006052974559673213,-0.0016076952503720305
2021-10-27,0.007735592147459578,0.001685782485714252
2021-10-28,0.005138322967705474,0.0006174287293034715
2021-10-29,5.593427345520108e-05,-0.0020066907209161794
2021-11-01,0.004003839492978514,0.0003104585943431462
2021-11-02,0.0008328027202032652,-0.0031074671896519756
2021-11-03,0.003996010951223533,-0.00013992518730130852
2021-11-04,0.005976902840188618,0.0015991952838129739
2021-11-05,0.003124247416777936,-0.00041343294536105466
2021-11-08,-0.0006263843224601981,-0.002971993024679312
2021-11-09,-0.0001429170231397378,-0.0002669281500437047
2021-11-10,0.0023638841184845027,0.000851548057697023
2021-11-11,0.0005667620885451228,-0.00036497426823799747
2021-11-12,0.004082758070092564,0.001549297451302438
2021-11-15,0.0039005158973540975,0.0028147790862752013
2021-11-16,0.00226239347045738,0.0016215514287395189
2021-11-17,0.0005325723813432429,-0.0011322064604354374
2021-11-18,-0.0004037674137935261,-0.00199291790777436
2021-11-19,-0.0019841175321287496,-0.004079888065021743
2021-11-22,-0.0027358397694652206,-0.005063866985754893
2021-11-23,-0.0024115629781583047,-0.005559327885279472
2021-11-24,-0.003156987174834026,-0.007594687283878674
2021-11-25,-0.0042828388222071415,-0.008425748242943322
2021-11-26,-0.005142530871999674,-0.008418778200092385
2021-11-29,-0.00869593993953939,-0.01112930630513934
2021-11-30,-0.009202943302923148,-0.011490618886133327
2021-12-01,-0.0068919022751565496,-0.009661316452612537
2021-12-02,-0.008683597128297173,-0.011760528598422332
2021-12-03,-0.004902238593159468,-0.00932144916840745
2021-12-06,0.00018603001109467922,-0.00634603234923071
2021-12-07,-0.004881573248801825,-0.009911242995705963
2021-12-08,-0.004429898861576914,-0.009662635781708416
2021-12-09,-0.004453472313944232,-0.00943222552137788
2021-12-10,-0.005660805134337773,-0.010617344720266512
2021-12-13,-0.005573848262384103,-0.010557672965412972
2021-12-14,-0.004561569133819011,-0.009034917768868929
2021-12-15,-0.004141174772635333,-0.008659570714311657
2021-12-16,-0.0032101827568533398,-0.007723609277617054
2021-12-17,-0.00010324824853013984,-0.002442422454120489
2021-12-20,0.0007086130091211746,-0.0009621870135942569
2021-12-21,-0.00027594416037953927,-0.0013718388643381746
2021-12-22,-0.001437148422836369,-0.0030466237354854326
2021-12-23,0.003046899780260232,0.001462207512609494
2021-12-24,0.004086230902242472,0.0027291236472576797
2021-12-27,0.005272314776108322,0.0032215824255899467
2021-12-28,0.004721879328736941,0.0032102462156371235
2021-12-29,0.0016145886981202423,0.0023313083578045193
2021-12-30,0.0013142887571119686,0.0027005998618686152
2021-12-31,-0.0022204641107946713,0.0012989312056171315
2022-01-04,-0.005024364034045223,9.362068442016246e-05
2022-01-05,-0.0032513161008707603,0.0016071817010910733
2022-01-06,-0.004728172755342812,0.0004419468134730588
2022-01-07,-0.0038031570446522426,0.0011919185702445345
2022-01-10,-0.002869947323251949,0.002853316999758907
2022-01-11,-0.005470953619307028,-0.0006359972772442828
2022-01-12,-0.004426850521316625,0.0012814976166401512
2022-01-13,-0.004517484978432585,0.0015723665788474808
2022-01-14,-0.004988174753529919,0.0010876581741431264
2022-01-17,-0.006265018159732003,-0.0026208360573690614
2022-01-18,-0.008854044664103123,-0.0023898749093382333
2022-01-19,-0.007322341887506599,-0.0015553597584352943
2022-01-20,-0.006431344806753368,0.000259092756015595
2022-01-21,-0.009685565272134556,-0.004560505305634113
2022-01-24,-0.005906360608913386,-0.0023000271701236526
2022-01-25,-0.006786802600182872,-0.0027253144408973394
2022-01-26,-0.0038088258725088257,0.0005768171963630676
2022-01-27,-0.005406844170516732,-0.0013330301480843903
2022-01-28,-0.003942524742163854,-5.6718250430519944e-05
2022-02-07,-0.004459272127368745,0.000627173360089515
2022-02-08,-0.008459215969544352,-0.002996220053052302
2022-02-09,-0.005561221636260234,0.0001545633336937299
2022-02-10,-0.006052071024885626,0.0015691033583603831
2022-02-11,-0.00635001913559502,0.0013845076151424818
2022-02-14,-0.00773370875073933,-0.0017643248407876642
2022-02-15,-0.0055080417411408275,0.0009078175314674579
2022-02-16,-0.004770785388823999,-0.0011435867294870452
2022-02-17,-0.005603747903262275,0.0007487878147306606
2022-02-18,-0.005154646237146676,0.0011285551588891224
2022-02-21,-0.005386890212383606,0.0023294288881087945
2022-02-22,-0.004288796828975098,-0.0019770367957982005
2022-02-23,-0.00419738106113041,-0.0018989779766990628
2022-02-24,-0.0040823710958172894,-0.002829490585021609
2022-02-25,-0.0031477436135169674,-0.0006201924201817705
2022-02-28,-0.009702337590440077,-0.0048268086800607336
2022-03-01,-0.009648766989229871,-0.004081027272889833
2022-03-02,-0.011059977863069404,-0.004249306221196949
2022-03-03,-0.006025393425087835,-0.0005186844542374427
2022-03-04,-0.005177200117335814,0.0018348301294809379
2022-03-07,-0.0045187641889652165,0.002076531410900021
2022-03-08,-0.0027168688885973883,0.0037771234737913155
2022-03-09,-0.0056944930826744265,-0.0008318314770712383
2022-03-10,-0.007048096972596401,-0.0026350661122102152
2022-03-11,-0.0068092830843039165,-0.0025046310916232973
2022-03-14,-0.005041794084955033,0.0006645081822726807
2022-03-15,-0.004859259318805248,-0.0004152868638507747
2022-03-16,-0.004988767811994783,-0.0008535715844122356
2022-03-17,-0.005958949923438473,-0.0025723495953315686
2022-03-18,-0.0070549659475638024,-0.0033883314848167437
2022-03-21,-0.006878184960621646,-0.002677254573863074
2022-03-22,-0.006457160507806554,-0.0006173699070057708
2022-03-23,-0.007512121780333692,0.00015881040271121171
2022-03-24,-0.007675599134629818,0.001844377024740627
2022-03-25,-0.00895676338180324,0.0014805937909967998
2022-03-28,-0.005183805718458433,0.004659437902578025
2022-03-29,-0.003711507929652792,0.003652194996053677
2022-03-30,-0.004563468456477016,0.0029997650061409356
2022-03-31,-0.004959006285814061,0.002358893078341857
2022-04-01,-0.008190516803983028,-0.000842524741702754
2022-04-06,-0.0067947445310883575,-0.00031431033299403614
2022-04-07,-0.005571401902978015,0.0019787589255850497
2022-04-08,-0.00347508998090224,0.006573252817217814
2022-04-11,-0.0027185256301620734,0.007026733907273038
2022-04-12,-0.0006129164590400584,0.009592567692041053
2022-04-13,-0.0015909820126444405,0.00828262664991014
2022-04-14,4.466093699083493e-06,0.010187955926331278
2022-04-15,-4.514080809432295e-05,0.011564309456076458
2022-04-18,0.0008924411221262209,0.012294425774571469
2022-04-19,0.0036480879609945074,0.015229632343260652
2022-04-20,0.0055789374459194446,0.017490892523856515
2022-04-21,0.005907686662134283,0.020389383085044118
2022-04-22,0.007288150194096885,0.02194987182224748
2022-04-25,0.009794613528399013,0.022868603291060698
2022-04-26,0.010414497172610029,0.019980785623593015
2022-04-27,0.011821004981494142,0.02109772225419591
2022-04-28,0.01008073957897106,0.019187530485749952
2022-04-29,0.011649746056590379,0.01909967783940549
2022-05-05,0.010582714756764554,0.017652498558990416
2022-05-06,0.011511701786254845,0.017316194063407137
2022-05-09,0.011043246713403062,0.014952558483064843
2022-05-10,0.009330283246874054,0.011956619546677342
2022-05-11,0.00973413586575168,0.00993704534862998
2022-05-12,0.009301970975353359,0.010689404171400142
2022-05-13,0.008099293845394555,0.008961566895932093
2022-05-16,0.007637887885662819,0.0082207032932587
2022-05-17,0.0049535550124909416,0.004868379905931355
2022-05-18,0.0034492131924425016,0.003242623896457998
2022-05-19,0.006516545318746412,0.0042934932813197295
2022-05-20,0.005158812850439495,0.0009325333180727458
2022-05-23,0.001885978197561552,-0.00047062950748129936
2022-05-24,0.0011492183521658159,-0.0035538849403361676
2022-05-25,-0.0013138962044789105,-0.006911034673189518
2022-05-26,-0.0041356208301137586,-0.008624903007711534
2022-05-27,-0.004278153896908941,-0.005352089715826747
2022-05-30,-0.006197805782653913,-0.00839824567227114
2022-05-31,-0.0037878574841097006,-0.004583623459213264
2022-06-01,-0.004228044990264976,-0.006508113818232821
2022-06-02,-0.0007094460463205432,-0.004668718665259296
2022-06-06,-0.0012502742805313828,-0.004417310978892471
2022-06-07,-0.0028952281302924,-0.004515638189649954
2022-06-08,-0.002904864064724043,-0.002730754416792353
2022-06-09,-0.004115571298726081,-0.002662482671634366
2022-06-10,-0.0034933143148101558,-0.0037947656542441713
2022-06-13,-0.003936713129885076,-0.004150200545648446
2022-06-14,-0.0034967391490342012,-0.0037852690950729104
2022-06-15,-0.0011573067125151117,-0.0013977627214368598
2022-06-16,-0.001074657075386969,0.0012844503794516545
2022-06-17,-0.00022236090205543556,0.0008416556377019669
2022-06-20,-0.0002160520634205878,0.0011900764110117767
2022-06-21,0.0005680489684332631,2.5653866374502135e-05
2022-06-22,-0.0005802326261205026,0.0005912821609388346
2022-06-23,0.0007270433414791493,0.0013628067247028874
2022-06-24,0.0013951550095583436,0.0010931620997099737
2022-06-27,0.0013417784191657764,0.000666311105107089
2022-06-28,0.002941551421281373,0.001375767219955003
2022-06-29,0.0033356273520653156,0.001763530148604332
2022-06-30,0.0018686123588502902,0.002125682321145355
2022-07-01,-0.001747629664062539,0.0014983020576581404
2022-07-04,9.122953305993643e-05,0.0024757537138202766
2022-07-05,-0.00025380879001376914,0.0034643949725024128
2022-07-06,0.00011887617829048694,0.0034839249899738488
2022-07-07,-0.00042698979557243217,0.0014592703656720416
2022-07-08,-0.00023238210469967878,0.0012033326095252472
2022-07-11,-0.001077405353639968,-0.0009267227468580819
2022-07-12,-0.0007370396665865677,-0.00010763635573969674
2022-07-13,-0.003794145140075275,0.000678881213695479
2022-07-14,-0.004279930587683477,0.0006072046190145714
2022-07-15,-0.006887361892278698,-0.0011670253551793355
2022-07-18,-0.006827984371101291,-0.0004633683924391949
2022-07-19,-0.0061545988043713185,-0.0007339491605689772
2022-07-20,-0.0033711620758871026,0.0005851521223173934
2022-07-21,-0.0057226488016078325,-0.00147961058129267
2022-07-22,-0.0038657961997789394,-0.0006706660407275714
2022-07-25,-0.004743427829302481,-0.0021685329379774712
2022-07-26,-0.008533130116467951,-0.0022395944636426825
2022-07-27,-0.009459356530233623,-0.0032931853096044602
2022-07-28,-0.009197348305985264,-0.0026287274069839934
2022-07-29,-0.009324292193242802,-0.002832757938391289
2022-08-01,-0.011959807919569142,-0.004118886782407231
2022-08-02,-0.011146939762729666,-0.0044408804023860805
2022-08-03,-0.010877678860456926,-0.005482598374630465
2022-08-04,-0.009693390797830439,-0.0047768632318917065
2022-08-05,-0.010545169945943395,-0.00409880287220717
2022-08-08,-0.010084283584837553,-0.0018685986231390984
2022-08-09,-0.011438397275154378,-0.0020608511542667476
2022-08-10,-0.008256750234150432,-0.002517611803578673
2022-08-11,-0.005991263695951735,-0.004329384222325866
2022-08-12,-0.006153272859165048,-0.002612697973271721
2022-08-15,-0.007480970008056793,-0.0029209496720517323
2022-08-16,-0.00614470255837424,-0.0026408314854789324
2022-08-17,-0.011105585278127682,-0.0043154713503889735
2022-08-18,-0.006080869511897038,-0.0010965077863622657
2022-08-19,-0.007108563467268541,-0.0011833777858288332
2022-08-22,-0.007340068278241944,0.0006231606101078052
2022-08-23,-0.0015814358511002534,0.0024106193576417584
2022-08-24,0.0008653368867513396,0.003575232778852889
2022-08-25,0.002434366345150642,0.004010817656481884
2022-08-26,0.0022802366856505066,0.004405825347817427
2022-08-29,0.005656966374254103,0.005891632013114925
2022-08-30,0.012951859781790049,0.00985916673656275
2022-08-31,0.015006990174383126,0.012082405904740787
2022-09-01,0.011963854694393872,0.012107060454268587
2022-09-02,0.011045624521599903,0.01094186232835486
2022-09-05,0.007798331830362297,0.006272860534294586
2022-09-06,0.008416056674688307,0.005466527389496614
2022-09-07,0.005629677290844242,0.003915306945393399
2022-09-08,0.0035602850354952294,0.002870942930134108
2022-09-09,0.003923636411213778,0.0023531979785141963
2022-09-13,0.004984215806980122,0.003584078194161765
2022-09-14,0.005444168241055057,0.004511200730663813
2022-09-15,0.009199088876476021,0.006029739658976554
2022-09-16,0.006246854507305329,0.00395358591745431
2022-09-19,0.004235891104768439,0.0006203986606058312
2022-09-20,0.002450434196798675,-0.0017696081613421295
2022-09-21,-0.0026258990770820587,-0.004780095711853249
2022-09-22,-0.006756501449828963,-0.005860841399067748
2022-09-23,-0.007674607627962584,-0.007067197384300158
2022-09-26,-0.008537457162000606,-0.00912962187776501
2022-09-27,-0.010707535059024047,-0.00840035736266729
2022-09-28,-0.015857930653813312,-0.010680394823959622
2022-09-29,-0.017098274777465842,-0.010974867691254001
2022-09-30,-0.013790622854397302,-0.008060868268429307
2022-10-10,-0.013350717786249884,-0.00906762277169577
2022-10-11,-0.011849886577682895,-0.009824709974584282
2022-10-12,-0.011137567346405197,-0.008279994201407206
2022-10-13,-0.008767957202616423,-0.007638929556892734
2022-10-14,-0.008021357729323504,-0.0065834882256323515
2022-10-17,-0.00818757084637343,-0.0066870401407931376
2022-10-18,-0.008411892900520877,-0.007286765036445857
2022-10-19,-0.009761361828465865,-0.007569000805935979
2022-10-20,-0.01008013573166145,-0.007637595824908431
2022-10-21,-0.010956362910316795,-0.008981103823285149
2022-10-24,-0.009564329222823055,-0.0070967259917679775
2022-10-25,-0.008605226108499587,-0.006259643358030719
2022-10-26,-0.008835461953825726,-0.005012829842438199
2022-10-27,-0.006038436027053868,-0.0014556197748182148
2022-10-28,-0.00623046314539892,-0.0010142300966451594
2022-10-31,-0.0059314625296359854,-0.0023331423310321026
2022-11-01,-0.005164580205840805,-0.005770363576367085
2022-11-02,-0.006601876004813202,-0.007730600232262402
2022-11-03,-0.006143295775313962,-0.010870572598271525
2022-11-04,-0.006491683559748559,-0.014081447046128555
2022-11-07,-0.006532522508004079,-0.012413742158024965
2022-11-08,-0.0051317161109216795,-0.007948876595948003
2022-11-09,-0.005315071673558461,-0.007877388564084462
2022-11-10,-0.0061848109742619175,-0.008468212378496681
2022-11-11,-0.008098199182951765,-0.00877291436173682
2022-11-14,-0.008126784993175522,-0.010823078770268401
2022-11-15,-0.00768563184661243,-0.009987737943141095
2022-11-16,-0.009774769459276796,-0.010814178543044011
2022-11-17,-0.01007337887849894,-0.010939665767706198
2022-11-18,-0.008329007062147026,-0.008893550567572973
2022-11-21,-0.010877265382317628,-0.009453163737344377
2022-11-22,-0.008562341926233653,-0.009542162831781529
2022-11-23,-0.006688277386339999,-0.009918682538881837
2022-11-24,-0.008187430573753122,-0.013443871758494385
2022-11-25,-0.008192149081598647,-0.013982995446517085
2022-11-28,-0.007348093857338589,-0.011485187259393815
2022-11-29,-0.007319155264881645,-0.010885032039933396
2022-11-30,-0.008073154025860337,-0.01098226077649859
2022-12-01,-0.008607499474216348,-0.008092018065902413
2022-12-02,-0.010620014534932984,-0.007775828841962011
2022-12-05,-0.009128236087747273,-0.008127736839489657
2022-12-06,-0.008582517748554938,-0.0071295795670874625
2022-12-07,-0.009821332343363989,-0.00868602382480535
2022-12-08,-0.010723128525470872,-0.008658953130740749
2022-12-09,-0.009639135909026923,-0.007394173155135298
2022-12-12,-0.00942288825893106,-0.004125195392818158
2022-12-13,-0.010966048402232958,-0.005784200416961817
2022-12-14,-0.01082988376555684,-0.008772351261145126
2022-12-15,-0.01199394274766436,-0.008941437157778776
2022-12-16,-0.011528032226453117,-0.008824587599931018
2022-12-19,-0.009577408234289665,-0.008991305953243526
2022-12-20,-0.012527356244292319,-0.007428891841460355
2022-12-21,-0.014105805024158273,-0.00670819435687105
2022-12-22,-0.015586360359814347,-0.007850020185076436
2022-12-23,-0.014630610693216835,-0.008178569464469935
2022-12-26,-0.014861454224155348,-0.008239414630477735
2022-12-27,-0.015778454404830285,-0.007164312942053779
2022-12-28,-0.015451783250947565,-0.006393382365651078
2022-12-29,-0.01533868692691762,-0.004949797456333555
2022-12-30,-0.014879089599761253,-0.0071287890460651395
2023-01-03,-0.01397975465020541,-0.004222983654473262
2023-01-04,-0.01459537085741993,-0.0071805865749972955
2023-01-05,-0.013708739963524817,-0.009024058143614951
2023-01-06,-0.01238197019530643,-0.00800792750091753
2023-01-09,-0.010834466320430346,-0.008240810355942797
2023-01-10,-0.010341494053156368,-0.009339694247852855
2023-01-11,-0.009370118114868705,-0.009496275082504096
2023-01-12,-0.007477975672371391,-0.004851510825147533
2023-01-13,-0.006054121362812051,-0.006049586992911514
2023-01-16,-0.008357233897916106,-0.007310465657103316
2023-01-17,-0.008090395816033002,-0.006436490940588281
2023-01-18,-0.004821860629816132,-0.006693112500975026
2023-01-19,-0.0027004993611814705,-0.007948103536756986
2023-01-20,0.00032535105875357816,-0.007115757322918017
2023-01-30,-0.000471921365467161,-0.007354264642310256
2023-01-31,-0.0008379970571383948,-0.008259487827874274
2023-02-01,-0.0003197888327186975,-0.008189987890318738
2023-02-02,-0.0013914229567061915,-0.009220916219428086
2023-02-03,-0.001174778851534468,-0.010846014648481844
2023-02-06,0.000702553844060181,-0.0073701245369946055
2023-02-07,-0.0007419770726284449,-0.009700182796166402
2023-02-08,-0.0007201415799147838,-0.007884110366851407
2023-02-09,-0.0008901699793893809,-0.00525865259773176
2023-02-10,-0.0015839503254751995,-0.005287591238360696
2023-02-13,-0.0025548407575801844,-0.005988016861133368
2023-02-14,-0.004990819915237657,-0.00660341285350938
2023-02-15,-0.005652130236443783,-0.007228961154333661
2023-02-16,-0.004906920578067209,-0.008439448774660022
2023-02-17,-0.007123778176493147,-0.008858982954916592
2023-02-20,-0.006711874321035546,-0.008865070541426278
2023-02-21,-0.007379284012412493,-0.008194537117012485
2023-02-22,-0.00720768387449906,-0.00808057614408823
2023-02-23,-0.009552556426311608,-0.00755434243063953
2023-02-24,-0.0112413459941458,-0.007755795094729666
2023-02-27,-0.012619361784783699,-0.008116013027704452
2023-02-28,-0.013176807512632047,-0.007378697387236036
2023-03-01,-0.014291032350173085,-0.008710596885008158
2023-03-02,-0.012996492220428032,-0.0097854937530561
2023-03-03,-0.014995904367196689,-0.011319991021183022
2023-03-06,-0.01547289990534692,-0.012900548296867959
2023-03-07,-0.016580861661740904,-0.012851750918485935
2023-03-08,-0.015860186758365452,-0.011131289528606132
2023-03-09,-0.01486743299713791,-0.010313253439092087
2023-03-10,-0.016523765095369455,-0.010820420465929645
2023-03-13,-0.017336449952927893,-0.011211107620674364
2023-03-14,-0.016504573747751702,-0.010758452093990692
2023-03-15,-0.01560660508514476,-0.009141872124193436
2023-03-16,-0.01757042653531657,-0.00941985693154549
2023-03-17,-0.015346002123594361,-0.00804070419664298
2023-03-20,-0.015397679250924787,-0.007618823239031841
2023-03-21,-0.01496516330811834,-0.006886716619325786
2023-03-22,-0.0168744176206165,-0.007955241283459886
2023-03-23,-0.013129409931111403,-0.006277092693299902
2023-03-24,-0.010998072130150202,-0.004558319729677087
2023-03-27,-0.011738398716411063,-0.00460929371523843
2023-03-28,-0.011282933796825718,-0.004398836129350303
2023-03-29,-0.009177377841678954,-0.0035131588527666383
2023-03-30,-0.011008905541660572,-0.002637282866572008
2023-03-31,-0.012430509941985829,-0.0033896976714978856
2023-04-03,-0.012772040618435234,-0.00179850638118015
2023-04-04,-0.011476185166131476,-0.0019344347370832708
2023-04-06,-0.011233368620839453,-0.0034304283134704164
2023-04-07,-0.013209521578456916,-0.005520021064320336
2023-04-10,-0.012334245061100261,-0.005429870636824466
2023-04-11,-0.014084930628153889,-0.005021995717925997
2023-04-12,-0.010804068895276584,-0.0033349975173433727
2023-04-13,-0.011495144373039987,-0.0037078374200681325
2023-04-14,-0.007803423286380524,-0.0018987684857891011
2023-04-17,-0.00650553362867126,-0.0011076533724350066
2023-04-18,-0.007923340822127012,-0.00020286160028467216
2023-04-19,-0.010784057282555534,-0.0016286360397892866
2023-04-20,-0.007367274711283169,0.0017618547230647459
2023-04-21,-0.00861222142011944,0.0014303518490216367
2023-04-24,-0.00883164480643106,0.002929748646549598
2023-04-25,-0.0046686897161340975,0.005134179955407919
2023-04-26,-0.002580592370266147,0.00787276898599867
2023-04-27,-0.006319073984623421,0.006320511359469284
2023-04-28,-0.0006946809171876026,0.01163154538461722
2023-05-04,0.003913011706640441,0.015433642182322443
2023-05-05,0.0038574206222367286,0.014743013633316104
2023-05-08,0.004037688883895952,0.015530342100673306
2023-05-09,0.004576385598642276,0.015426395233283704
2023-05-10,0.006538815257271345,0.01684658954595826
2023-05-11,0.00814799791880648,0.01962592384215043
2023-05-12,0.011160654864515236,0.019525849081164857
2023-05-15,0.012075951783271326,0.01984288402032476
2023-05-16,0.013136781038148275,0.02039381892456231
2023-05-17,0.009825207020580715,0.01860038014767332
2023-05-18,0.011284177477752289,0.018806721675411267
2023-05-19,0.014398190798759303,0.018525391740380197
2023-05-22,0.019008814514440888,0.019043764190155854
2023-05-23,0.016622107565671753,0.016414117301559797
2023-05-24,0.014825604174412341,0.015413283132093034
2023-05-25,0.013097389701362153,0.013633709407413663
2023-05-26,0.01102849721523949,0.01406802825590996
2023-05-29,0.010665558228540786,0.012352775824295587
2023-05-30,0.01505723395661651,0.014914027928081143
2023-05-31,0.013060712827984985,0.011128693815565154
2023-06-01,0.01191765121845494,0.0076080480835103055
2023-06-02,0.011546496126176349,0.00826722825531794
2023-06-05,0.013490603986846466,0.009372429402533562
2023-06-06,0.012468830934717418,0.009833634021259478
2023-06-07,0.013594222078864111,0.011219367099834367
2023-06-08,0.01027159271302467,0.006708390482124432
2023-06-09,0.008551194346109944,0.006502119715125066
2023-06-12,0.005565556548861668,0.0039685574880058815
2023-06-13,0.004876485776934349,0.0035643629742878598
2023-06-14,0.006432643964766843,0.0032845590425815805
2023-06-15,0.004421074700482971,0.0011766598276475538
2023-06-16,0.0018868139296143926,-0.00013266875690678493
2023-06-19,0.000417997327644218,0.00015032752554313593
2023-06-20,0.0001360908425376609,0.0018271717438503444
2023-06-21,0.0027431039704131042,0.0030528881104471897
2023-06-26,0.0024384950245289385,0.0018796085101138098
2023-06-27,0.006078418125126934,0.005139173502910323
2023-06-28,0.0008132103396646401,0.002773963339415666
2023-06-29,-0.0010764591522290019,0.0010204692880619829
2023-06-30,-0.0007157682416881383,0.0010644520403952267
2023-07-03,-0.002824992102973935,0.0018356239509758313
2023-07-04,-0.0010964520547645977,0.0023545282591083904
2023-07-05,-0.0035410217437404435,0.0016908206725956532
2023-07-06,-0.0007671542732660525,0.004440942550168676
2023-07-07,-0.0003327096882050811,0.004248948518185323
2023-07-10,-0.0007085950974803311,0.005456049179613776
2023-07-11,0.003853052666514897,0.0097608566136265
2023-07-12,0.0022339636805758572,0.0075448109153484315
2023-07-13,-6.707334033385567e-05,0.005291259237526679
2023-07-14,-0.0012610682108289317,0.006165043952254774
2023-07-17,-0.001081766795264445,0.009443027589511793
2023-07-18,0.0025667431014904144,0.011751619366681058
2023-07-19,0.00633248395124102,0.013919404303504954
2023-07-20,0.009942787268017199,0.014092956829639416
2023-07-21,0.0065649462852456295,0.01232247008986822
2023-07-24,0.006614399342532782,0.011319526567952756
2023-07-25,0.005294583075693187,0.008901202513922143
2023-07-26,0.010245243725695527,0.011568492141654486
2023-07-27,0.01091123195552873,0.01252783797663208
2023-07-28,0.009606550104957695,0.012066583721120117
2023-07-31,0.011053189797465064,0.012520728393613307
2023-08-01,0.00971399151667125,0.01239240324104881
2023-08-02,0.009648400173418,0.010212334365315243
2023-08-03,0.00825778319326917,0.005713608888783661
2023-08-04,0.007346098887120633,0.0046031028995381865
2023-08-07,0.00977943135527421,0.005461094159504068
2023-08-08,0.00536778709938966,0.0012905479340804527
2023-08-09,0.006430699845759953,0.0042442985970481874
2023-08-10,0.00963559309837234,0.007630474989015366
2023-08-11,0.008914590227386159,0.004644712184037969
2023-08-14,0.009321669765403981,0.005190512318310263
2023-08-15,0.00731938444171026,0.006457488687686223
2023-08-16,0.0026455850474884014,0.0036281533776121267
2023-08-17,-0.0012521895281292477,0.0031891194788401292
2023-08-18,0.001059678754833579,0.004286499233559952
2023-08-21,0.0002582230700071691,0.002369250834894772
2023-08-22,-0.0026050857421769584,0.0018922225537266666
2023-08-23,-0.003285448712512233,-0.00011844078889693664
2023-08-24,-0.00503651237257571,0.001724178782079028
2023-08-25,-0.006447774898985632,0.002690764402929719
2023-08-28,-0.005277776923049794,0.0024998724264817087
2023-08-29,-0.00557981648737434,-0.0013233370271792477
2023-08-30,-0.00291114211122914,0.0010862571455122591
2023-08-31,-0.004502951737247079,0.0038928735665388044
2023-09-01,-0.00737593926212689,0.0018046280007369554
2023-09-04,-0.005034097578591297,0.0025338093681653113
2023-09-05,-0.0032933554724651776,0.0031181606310045473
2023-09-06,-0.004758804958652355,0.0033889734285368735
2023-09-07,-0.0044664181106556155,0.0028259008964467685
2023-09-08,-0.0048772937759176665,0.0028576509993402197
2023-09-11,-0.005222637374582525,0.0004359684691948723
2023-09-12,-0.005247821960969099,0.0009689483140277746
2023-09-13,-0.004126998115683659,0.002588606535778603
2023-09-14,-0.002155997220084971,0.0035789405167492416
2023-09-15,-0.003044159197900023,0.003755230585335008
2023-09-18,-8.73003860127992e-06,0.009833516914860951
2023-09-19,0.0006091301266520379,0.009164138141390613
2023-09-20,-0.0013757226434148952,0.008721772447589784
2023-09-21,-0.0023969717423436144,0.0019192987483728488
2023-09-22,-0.0016005820874650674,0.0028821428028454237
2023-09-25,-0.0027649760683175918,0.0024083559905940144
2023-09-26,-0.0018648402015245173,0.0054605869187471165
2023-09-27,-0.00358062639308233,0.004687616477331522
2023-09-28,-0.0032824282826453745,0.003089973224491511
2023-10-09,-0.0018912636004742149,0.0036242678122724884
2023-10-10,-0.0032242349241100774,0.002581151061930539
2023-10-11,-0.0048185636267501905,0.0017895775948483844
2023-10-12,-0.0017295357267969689,0.002926126791563787
2023-10-13,-0.0054341661914242365,0.0024485869916925813
2023-10-16,-0.004525280538515033,0.004555299864237963
2023-10-17,-0.004596907771713099,0.005718482268580718
2023-10-18,-0.005765867297024067,0.001891865966790862
2023-10-19,-0.006008354213760437,0.0008532150125736947
2023-10-20,-0.0075146390614370395,0.0001170140209891743
2023-10-23,-0.008584542343894172,-0.0014471225410192393
2023-10-24,-0.011348537960227872,-0.00496102198737401
2023-10-25,-0.011680370555875647,-0.004907913151817501
2023-10-26,-0.008743819279939585,-0.002262691905352613
2023-10-27,-0.004917266450814844,0.004146049089706064
2023-10-30,-0.005559590642136642,0.002208728893863427
2023-10-31,-0.005546656111081138,0.004090801005266117
2023-11-01,-0.006942804326371242,0.00292558721099041
2023-11-02,-0.009047040532960172,-0.00019227411822335568
2023-11-03,-0.008739559473811501,-0.0024225849038809976
2023-11-06,-0.009006937136376632,-0.001296628977410191
2023-11-07,-0.00910494515068946,-0.00135148950427236
2023-11-08,-0.0085263581604508,-0.0017542845945245661
2023-11-09,-0.010877162317956927,-0.001618374465903377
2023-11-10,-0.006736907968321361,-0.0008222187243278859
2023-11-13,-0.007440947659769288,-0.0030606189871258157
2023-11-14,-0.007156519545821572,-0.0036328893667125096
2023-11-15,-0.0066897049843717155,-0.001556381567220794
2023-11-16,-0.00747240073963041,-0.0010976200712778843
2023-11-17,-0.007561240107323347,-0.002781812803079338
2023-11-20,-0.005714608222277557,-0.002607695362037431
2023-11-21,-0.0032744497949154325,-0.0011130524428858935
2023-11-22,-0.005101155552741751,-0.002702316121700457
2023-11-23,-0.0031208596549041063,-0.001956185169859839
2023-11-24,-0.007578233421754751,-0.004364160826324175
2023-11-27,-0.008506981711780263,-0.0037539928089557585
2023-11-28,-0.008212606134567733,-0.0033749725190457174
2023-11-29,-0.006208060509871536,-0.001186132451653625
2023-11-30,-0.006367496714317501,-0.0007343614178078315
2023-12-01,-0.006639496354030693,0.0024287887389762446
2023-12-04,-0.006995923160616133,0.0037285585989979947
2023-12-05,-0.007614087976002095,0.004216425411358188
2023-12-06,-0.00679778286906362,0.0053432312988735235
2023-12-07,-0.005258651672016863,0.0019477200116415371
2023-12-08,-0.007535247167559261,0.0011067787898208614
2023-12-11,-0.007826233907165806,0.003059320285482575
2023-12-12,-0.011997466916356142,0.0019758715526470277
2023-12-13,-0.011689936963832068,0.0014112819997826047
2023-12-14,-0.011161484078764342,0.0009651473449348502
2023-12-15,-0.01189679019117566,0.0016180122227297568
2023-12-18,-0.014570349613529309,0.000890262542028539
2023-12-19,-0.01462745108279638,0.0021405192748315096
2023-12-20,-0.011332865212109591,0.0037965437810027324
2023-12-21,-0.013474582863899798,0.0014013102431440568
2023-12-22,-0.009823644746581322,0.0020127059306471544
2023-12-25,-0.006828251398598809,0.0025670592951950034
2023-12-26,-0.008936631288572982,0.0009276716965554068
2023-12-27,-0.009378562876081385,-0.001107802088972448
2023-12-28,-0.009299511612820957,0.000885987690808162
2023-12-29,-0.010326900273874904,0.0022442081127672714
2024-01-02,-0.009283921225129964,0.0015669743771878823
2024-01-03,-0.007524741327286677,0.0038976740690832993
2024-01-04,-0.006492766871221661,0.005997428575116262
2024-01-05,-0.00438249850437494,0.01096470482610275
2024-01-08,-0.0030690650051475414,0.012834830861115443
2024-01-09,0.0005672139510831521,0.01620441272791035
2024-01-10,0.00113179960283413,0.011522267319479654
2024-01-11,0.0036776282373213558,0.01446126517789324
2024-01-12,0.0044778729156146795,0.016660657031440897
2024-01-15,0.006931418880608701,0.017619489313629416
2024-01-16,0.009484915027337634,0.021286189504604813
2024-01-17,0.009700219073298887,0.016758611977913465
2024-01-18,0.007678804264597671,0.01563522703660137
2024-01-19,0.008053092722899738,0.01602070435006613
2024-01-22,0.009289814187707458,0.015235200223913933
2024-01-23,0.0066432702580756595,0.014474760687705333
2024-01-24,0.0073139204340557235,0.013712923876580048
2024-01-25,0.006810934349346702,0.01626910046112248
2024-01-26,0.009293331499198133,0.017964525563038115
2024-01-29,0.010202433872895806,0.016515373622127277
2024-01-30,0.010217726737995215,0.017826954624623352
2024-01-31,0.008531585622568894,0.01386541223232057
2024-02-01,0.010167405815633784,0.015484498066081919
2024-02-02,0.010070143147715545,0.016820952042170323
2024-02-05,0.009283068339722667,0.01563444823097373
2024-02-06,0.008516944315578154,0.014320981860169023
2024-02-07,0.010751059134932,0.01770554738992302
2024-02-08,0.007837487501674567,0.01135274717957511
2024-02-19,0.006316303631216843,0.00559549113906298
2024-02-20,0.006979220096278348,0.0034938736269761717
2024-02-21,0.015553128743795757,0.0015954623841727888
2024-02-22,0.026486022096574198,0.007124242319509506
2024-02-23,0.033774473969903726,0.008519216675826946
2024-02-26,0.036528913416253785,0.00630578605561835
2024-02-27,0.027020557159181034,0.007642335016725084
2024-02-28,0.02846560352439238,0.0027449342650546224
2024-02-29,0.029779017245473355,0.0012646226386775214
2024-03-01,0.030307910544542904,0.0004899863211350582
2024-03-04,0.030436163165392025,0.003137396770417148
2024-03-05,0.02847548614677132,-0.0006899312368209018
2024-03-06,0.02902510157650943,-0.0006012501485586526
2024-03-07,0.027172313057689218,-0.0011541435796897405
2024-03-08,0.024543376862301756,-0.006052440726053875
2024-03-11,0.02639581980878447,-0.010349007395878932
2024-03-12,0.0267724569305983,-0.011512745252547611
2024-03-13,0.026059015279698915,-0.010891556255869527
2024-03-14,0.029471146520702297,-0.008622755677505554
2024-03-15,0.03194260899570395,-0.0070500195442885615
2024-03-18,0.035242705095152475,-0.0032575176888839964
2024-03-19,0.03583473675664547,-0.0041170483877344625
2024-03-20,0.027840240720323567,-0.00480807353019524
2024-03-21,0.014021222057415114,-0.008003814553582206
2024-03-22,0.00711614100180862,-0.006143628374483087
2024-03-25,0.005247634957816905,-0.0018071066085262712
2024-03-26,0.01568089288300743,0.0033540579594534227
2024-03-27,0.009382415414248784,0.00022742937645736736
2024-03-28,0.009597696147569211,0.003537618104098323
2024-03-29,0.008224413800408118,0.0006123186328867627
2024-04-01,0.011043623029171652,-0.0005133149857977862
2024-04-02,0.015656845473637035,0.006760614615320393
2024-04-03,0.013402099286347089,0.006734563863358414
2024-04-08,0.01620974971758215,0.008164770883800557
2024-04-09,0.01639201233781598,0.012310715984956231
2024-04-10,0.012901165541068491,0.013277699840064725
2024-04-11,0.012680114120857813,0.015016750672003164
2024-04-12,0.011583699867715553,0.014182951237713941
2024-04-15,0.010569193770913473,0.01574115379897964
2024-04-16,0.00635051152307534,0.012904805281409016
2024-04-17,0.004079179315963723,0.013838109423247928
2024-04-18,0.0012077455075560515,0.017147925190886586
2024-04-19,0.00019529806867916132,0.018496313887320197
2024-04-22,0.0014606463797918693,0.01564739466520488
2024-04-23,0.003139354523676045,0.011480644726185915
2024-04-24,0.002216872456719683,0.00958013376153575
2024-04-25,-0.0002637528445461274,0.0034035893831797608
2024-04-26,0.01014406958651673,0.011566605986225793
2024-04-29,0.01030675572972703,0.013202576311891305
2024-04-30,0.013400094441326393,0.017939287596117324
2024-05-06,0.01144893612405027,0.015720391092384996
2024-05-07,0.009651393455390948,0.014136366394804957
2024-05-08,0.010578984743484005,0.012069463516183833
2024-05-09,0.008163498890029855,0.013264763713399354
2024-05-10,0.006167416604950984,0.011709839978401783
2024-05-13,0.006770860258846432,0.010846657878421144
2024-05-14,0.006757953024575403,0.009337273025910618
2024-05-15,0.009290502384863205,0.007470759048691599
2024-05-16,0.00741394786288676,0.004107796063228081
2024-05-17,0.007569464041146457,0.007620047413209617
2024-05-20,0.006949033232343734,0.0071150789987972345
2024-05-21,0.009393137999812746,0.004805008281336696
2024-05-22,0.008527117858852892,0.004069975313165306
2024-05-23,0.006509170767687752,0.007650280447177868
2024-05-24,0.004844285414195922,0.01019461359055444
2024-05-27,0.0023833279849664636,0.009852144657648765
2024-05-28,0.001855861834027081,0.01044048445299425
2024-05-29,-0.0027538966648950596,0.010048752890374723
2024-05-30,-0.001407392572718253,0.007732656014878082
2024-05-31,-0.004405631210866986,0.005990606317112008
2024-06-03,-0.008826186106909535,0.006066249701641356
2024-06-04,-0.009972972031994754,0.0030917018323626446
2024-06-05,-0.00923022062791304,0.0060533774505323375
2024-06-06,-0.007569013582093538,0.004204638272962507
2024-06-07,-0.00776865873963536,0.0015246317767569277
2024-06-11,-0.007085476846648377,-0.0006355877817691461
2024-06-12,-0.00533537286029238,0.0009001300097230822
2024-06-13,-0.008504599541358364,0.0005149398355597079
2024-06-14,-0.008563704121392285,0.0021805952485331763
2024-06-17,-0.0028218783322592634,0.003661107651775435
2024-06-18,0.0004004343230303106,0.004902926551316056
2024-06-19,-0.00451559028143547,0.006345152030787594
2024-06-20,-0.005546096202473135,0.005710710108619883
2024-06-21,-0.004564151491036103,0.005743676747110418
2024-06-24,-0.003361319302030343,0.005892713304702084
2024-06-25,-0.004332070417545317,0.0021783086387023006
2024-06-26,-0.0026502731085473047,0.00378966012611895
2024-06-27,-0.001874491553148178,0.006026792442982702
2024-06-28,-0.004278484681844029,0.006257895681843811
2024-07-01,-0.001198478462469654,0.0049389906498718255
2024-07-02,0.0022583242554737636,0.003632748830231668
2024-07-03,0.000879749719519355,0.006066809771050608
2024-07-04,0.0011906703692706267,0.002278598670434212
2024-07-05,0.0010097538728596578,0.006027709495210351
2024-07-08,0.0015685519366784616,0.007669574583527697
2024-07-09,-7.481577635396917e-05,0.010506565587796453
2024-07-10,-0.0013214306752145676,0.0075226059638863465
2024-07-11,-5.1956741104782714e-05,0.008377214941694796
2024-07-12,-0.0023870303137828045,0.00725983912481222
2024-07-15,-0.005721983319230217,0.005585896958674064
2024-07-16,-0.008722234333038849,0.002942701914638417
2024-07-17,-0.006219787678393367,0.00269160140228471
2024-07-18,-0.006084601011123271,0.0006267117515227622
2024-07-19,-0.005057021163479071,-0.0021462869081799304
2024-07-22,-0.004297331216689348,-0.0025290334598078493
2024-07-23,-0.0021321480622770008,0.002495329375293637
2024-07-24,-0.0027162875599591138,0.0010439523188793842
2024-07-25,-0.0037915212843803725,-0.0025873789267810607
2024-07-26,-0.0009629452652417307,-0.002087489160675365
2024-07-29,-0.0010103855331207387,-0.0010936834176415314
2024-07-30,-0.004642347168782658,-0.004978544500807632
2024-07-31,-0.001542136527954496,-0.005696906526713872
2024-08-01,-0.0031389682555116242,-0.005090229027067768
2024-08-02,-0.0031875963362977236,-0.007280987032943778
2024-08-05,-0.0009577303451801678,-0.008414782415987622
2024-08-06,-0.0026898108695858672,-0.010433963601805606
2024-08-07,-0.00046041279036565736,-0.00554015325177841
2024-08-08,-0.0007898182067125202,-0.0051143559721155505
2024-08-09,0.0028585068446716206,-0.002234196475100884
2024-08-12,0.0037506943022309943,-0.0010439156227608558
2024-08-13,0.006261933813508888,0.0013969289537208553
2024-08-14,0.007132600793527405,0.00016571676448634987
2024-08-15,0.010021039382226498,0.003444160807020101
2024-08-16,0.009139770493725845,0.005582679424916425
2024-08-19,0.007720381254787774,0.005289173882007869
2024-08-20,0.008590149803177464,0.003869511628338422
2024-08-21,0.008182064259361145,0.005896389614718204
2024-08-22,0.008182123155723416,0.007270644327818025
2024-08-23,0.005557326669571479,0.0057006126538395535
2024-08-26,0.004105122394401451,0.008116821124570692
2024-08-27,0.007470579466610475,0.012725772009078765
2024-08-28,0.004823746087695701,0.00893042406648104
2024-08-29,0.0054293552036892906,0.006936688984645863
2024-08-30,0.008959922993932386,0.011835269389711328
2024-09-02,0.007614533278795966,0.011035468473194792
2024-09-03,0.008271597990294009,0.011019336124756434
2024-09-04,0.0054096570806998505,0.007458732314344432
2024-09-05,0.0051896015708763335,0.008705291411220312
2024-09-06,0.005918755132328028,0.008780710832322819
2024-09-09,0.006428539954673651,0.009148924415846117
2024-09-10,0.0027662448874307666,0.006156593208655364
2024-09-11,0.0024122702549083273,0.00872866031498203
2024-09-12,0.0016930895344764692,0.010009293873360232
2024-09-13,0.0023606923213123528,0.009007335117436998
2024-09-18,0.00150373859260187,0.008143103405687363
2024-09-19,0.001220333213228418,0.008754672035408436
2024-09-20,0.0014139494828400412,0.006419742168661374
2024-09-23,0.0003535584713032819,0.003933329536166848
2024-09-24,0.0013026214104201995,0.004857144928693081
2024-09-25,-0.0008499830983522143,-0.00022458416153062688
2024-09-26,0.00010021035330961636,-0.0023936321434616485
2024-09-27,0.004965446751079174,0.0003746751010123993
2024-09-30,0.010786583258432014,0.005547244963611695
2024-10-08,0.0007996720319013379,-0.004840236723620853
2024-10-09,-0.0004015935571364623,-0.0047889240098365135
2024-10-10,-0.002948399147410231,-0.0053770696280515595
2024-10-11,-0.0018863604244020405,-0.005026875506530858
2024-10-14,0.0003003934183209673,-0.005346810469012208
2024-10-15,0.0014488301934810176,-0.004905938152617628
2024-10-16,-0.0017233756347752038,-0.007553199142842162
2024-10-17,-0.003946199773756337,-0.010389797388523013
2024-10-18,-0.004382712186238436,-0.013776734271812145
2024-10-21,-0.0027665907321427425,-0.014643487833593363
2024-10-22,-0.001928978273080429,-0.012775929339356652
2024-10-23,0.0008730938036033244,-0.010863770320944282
2024-10-24,0.00229951317836227,-0.009341157875091766
2024-10-25,0.005691660425390804,-0.0047659028515910085
2024-10-28,0.005473628021013728,-0.003446914382516904
2024-10-29,0.006836551334575457,-0.0015832572567515166
2024-10-30,0.008649122701007294,0.0016427801574638733
2024-10-31,0.007014358187180296,0.0030512215269438273
2024-11-01,0.003927138155350307,0.0028112685309499893
2024-11-04,-0.004828132024784921,-0.0022015850405147207
2024-11-05,0.002197162911997631,0.003368714050727304
2024-11-06,0.006443867505766718,0.007090939420519259
2024-11-07,0.008217329785545461,0.007393705180390128
2024-11-08,0.007710090468497193,0.007003428969260835
2024-11-11,0.0081490121841986,0.006348006799610041
2024-11-12,0.0067043641954284885,0.0038883601484013255
2024-11-13,0.007872345757315442,0.004750116564264254
2024-11-14,0.013366331331840967,0.008894445718951306
2024-11-15,0.013525544985317143,0.010245724766291504
2024-11-18,0.007960367342480058,0.006267083879273423
2024-11-19,0.005844947009471153,0.00488639497447294
2024-11-20,0.0035305933275433035,0.002551256482367625
2024-11-21,0.0003624661469777482,-0.0007317022222296846
2024-11-22,-0.0017087457157311534,-0.0033756131031520194
2024-11-25,0.00013666870017968458,-0.0029697039201288223
2024-11-26,-0.003764036339938819,-0.0069641915035160065
2024-11-27,-0.0022884597145814123,-0.005557670910543925
2024-11-28,-0.001920787829388585,-0.004838535441927936
2024-11-29,-0.0011616895583480987,-0.002742301440188018
2024-12-02,0.003709527223007208,0.0007074000846268155
2024-12-03,0.0029452677209345587,-0.0008180075819794481
2024-12-04,-0.0004139796410898037,-0.002782906467029991
2024-12-05,0.001890185509785014,-0.0004968192788245944
2024-12-06,0.0024468941610138527,0.0003629211269328813
2024-12-09,-0.0015696307858609339,-0.0022013861821621526
2024-12-10,-0.0036580476209048356,-0.002318171239089212
2024-12-11,-0.0022518908733561156,-0.0006120288912155967
2024-12-12,-0.0032902394245495122,6.071066126825614e-05
